names,lat,lon,geometry,,100000
Purva Skydale bangalore,129269000,775510000,POINT (77.66236169999999 12.894033),,
Salarpuria Sattva Cadenza bangalore,129260000,775480000,POINT (77.64022109999999 12.889441),,
Shriram Summitt bangalore,129227000,775709000,POINT (77.6672418 12.8360678),,
Shriram Luxor bangalore,129147000,775727000,POINT (77.65491539999999 13.085249),,
Ecolife Elements Of Nature bangalore,129203000,775510000,POINT (77.73112619999999 12.9387277),,
Salarpuria Sattva East Crest bangalore,129151000,775456000,POINT (77.7482414 13.043223),,
Shriram Greenfield Phase 1 bangalore,129086000,775466000,POINT (77.75127239999999 13.0708496),,
Century Infiniti bangalore,129187000,775507000,POINT (77.6772502 12.8975268),,
Vaswani Exquisite bangalore,129131000,775631000,POINT (77.72427949999999 12.98979),,
Vaishnavi Gardenia bangalore,129296000,775807000,POINT (77.5194121 13.0425402),,
Bren Edgewaters bangalore,129121000,775610000,POINT (77.6699666 12.9022215),,
DSMAX SAROVAR bangalore,129097000,775508000,POINT (77.7818487 12.7815368),,
Niranjan Tridha bangalore,129175000,775696000,POINT (77.63616139999999 12.8810058),,
Bren Imperia bangalore,129262000,775719000,POINT (77.671808 12.9068814),,
Nandi Citadel bangalore,129106000,775664000,POINT (77.60688379999999 12.8613592),,
Sobha Avenue bangalore,129312000,775654000,POINT (77.74967880000001 13.0287887),,
Provident Sunworth bangalore,129324000,775718000,POINT (77.47058579999999 12.8818045),,
Purva Northern Waves bangalore,129204000,775558000,POINT (77.66295629999999 13.0630984),,
Prestige Falcon City bangalore,129100000,775488000,POINT (77.56377499999999 12.885663),,
Mahaveer Ranches bangalore,129335000,775790000,POINT (77.6708668 12.8783657),,
SNN Raj Etternia bangalore,129137000,775727000,POINT (77.6681103 12.8905902),,
Karsten Palm Groves bangalore,129228000,775649000,POINT (77.6961678 12.7741873),,
Salarpuria Sattva Celesta bangalore,129085000,775684000,POINT (77.703632 13.018456),,
DSMAX SKYCITY bangalore,129213000,775652000,POINT (77.6343988 13.0810365),,
Meda Greens bangalore,129294000,775694000,POINT (77.4926622 12.9206595),,
Phoenix One Bangalore West bangalore,129298000,775556000,POINT (77.5540958 13.0097168),,
Salarpuria Sattva Greenage Phase II bangalore,129087000,775483000,POINT (77.6313115 12.9024372),,
Mahidhara Fortune City bangalore,129222000,775531000,POINT (77.7830251 12.7748955),,
Candeur Carlisle bangalore,129178000,775699000,POINT (77.68995489999999 12.9969877),,
Arya Hamsa Grande bangalore,129075000,775495000,POINT (77.574026 12.8595081),,
Pashmina Waterfront bangalore,129132000,775734000,POINT (77.7116346 13.0244407),,
Purva Palm Beach bangalore,129154000,775450000,POINT (77.66260249999999 13.0631903),,
Prestige Song Of The South bangalore,129129000,775820000,POINT (77.6137471 12.8620814),,
Skylark Ithaca bangalore,129332000,775725000,POINT (77.73553369999999 13.0124263),,
Salarpuria Sattva Laurel Heights bangalore,129329000,775614000,POINT (77.507677 13.060724),,
Sumo Sonnet bangalore,129306000,775816000,POINT (77.6488791 12.889868),,
Kritan Ira bangalore,129153000,775816000,POINT (77.660999 12.8211271),,
MDVR Byrathi Residency bangalore,129337000,775637000,POINT (77.6572283 13.0536883),,
Candeur Landmark bangalore,129282000,775580000,POINT (77.7373607 12.9218714),,
Sterling Ascentia bangalore,129077000,775504000,POINT (77.68163299999999 12.92889),,
Vaishnavi Terraces bangalore,129121000,775703000,POINT (77.599514 12.904254),,
Sobha Dream Acres bangalore,129132000,775832000,POINT (77.7376639 12.9391021),,
PSR Krish Kamal bangalore,129233000,775655000,POINT (77.6435767 12.8404406),,
GP North Avenue bangalore,129314000,775505000,POINT (77.622828 13.0827637),,
Hiren High Cliff bangalore,129322000,775664000,POINT (77.6517185 12.9124433),,
JR Nexus bangalore,129245000,775711000,POINT (77.7018348 12.7715636),,
G Corp The Icon bangalore,129108000,775716000,POINT (77.62548389999999 13.0473654),,
Mahendra Aarna bangalore,129178000,775698000,POINT (77.6910718 12.8348265),,
Mittal Elanza bangalore,129140000,775700000,POINT (77.6208274 13.1036043),,
Mantri Energia bangalore,129126000,775689000,POINT (77.61948389999999 13.0543825),,
Prestige Misty Waters phase 1 bangalore,129117000,775461000,POINT (77.60162199999999 13.046145),,
Sobha Heritage bangalore,129086000,775844000,POINT (77.5290121 12.9312565),,
The County Address bangalore,129198000,775720000,POINT (77.78759119999999 12.8807869),,
Rohan Akriti bangalore,129102000,775495000,POINT (77.53818699999999 12.8904448),,
Salarpuria Sattva Divinity bangalore,129190000,775541000,POINT (77.5252055 12.9403192),,
Casagrand Lorenza bangalore,129160000,775763000,POINT (77.6331637 13.099928),,
Premier Inspira Maplewood bangalore,129344000,775738000,POINT (77.69931939999999 12.9054239),,
Orchid Whitefield bangalore,129172000,775645000,POINT (77.7575018 12.9643023),,
The Central Regency Address bangalore,129070000,775668000,POINT (77.67064019999999 12.9210342),,
Ahad Excellencia bangalore,129246000,775732000,POINT (77.69051469999999 12.8825179),,
Janaadhar Shubha Phase II bangalore,129205000,775768000,POINT (77.7343688 12.7379428),,
Keerthi Royal Palms bangalore,129218000,775673000,POINT (77.6605814 12.8622252),,
Prestige Pine Wood bangalore,129160000,775491000,POINT (77.63458670000001 12.9312272),,
Durga Petals bangalore,129294000,775442000,POINT (77.6972803 12.9757699),,
Premier Inspira Maplewood bangalore,129227000,775539000,POINT (77.69931939999999 12.9054239),,
The Central Regency Address bangalore,129276000,775436000,POINT (77.67064019999999 12.9210342),,
Assetz Marq bangalore,129199000,775728000,POINT (77.76198749999999 13.0244172),,
Mana Tropicale bangalore,129316000,775468000,POINT (77.69287159999999 12.8800875),,
DSR Waterscape bangalore,129302000,775496000,POINT (77.6794603 13.0452085),,
Tata New Haven bangalore,129149000,775477000,POINT (77.441715 13.1023847),,
Total Environment Learning To Fly bangalore,129172000,775607000,POINT (77.58304059999999 12.9054503),,
Hiranandani Queensgate bangalore,129211000,775641000,POINT (77.61002929999999 12.8740261),,
Arge Urban Bloom bangalore,129175000,775651000,POINT (77.5329519 13.0259697),,
Prestige Bagamane Temple Bells bangalore,129152000,775543000,POINT (77.5217595 12.9307632),,
Brigade Exotica - Azure Tower bangalore,129131000,775606000,POINT (77.74501289999999 13.0443079),,
Celebrity Serenity bangalore,129236000,775478000,POINT (77.650302 12.795757),,
Prestige Tranquility bangalore,129217000,775452000,POINT (77.743832 13.0655118),,
Smart Homz Blue Bells bangalore,129311000,775711000,POINT (77.7770002 12.7851117),,
Brigade Caladium bangalore,129107000,775849000,POINT (77.596732 13.0559515),,
S2 Homes The Water Grove bangalore,129200000,775474000,POINT (77.6871048 12.8368015),,
Assetz 63 Degree East bangalore,129166000,775455000,POINT (77.7047401 12.8853283),,
CoEvolve Northern Star bangalore,129244000,775618000,POINT (77.625001 13.081174),,
Purva Sunflower bangalore,129120000,775765000,POINT (77.5570922 12.9758193),,
Upkar Oakland bangalore,129247000,775562000,POINT (77.7622283 12.7813035),,
Sashank Advaith bangalore,129223000,775553000,POINT (77.6816863 12.8917332),,
SMD Altezz bangalore,129071000,775535000,POINT (77.75260729999999 12.99911),,
Chowriappa Constellation bangalore,129299000,775633000,POINT (77.6465134 13.0547139),,
The Phoenix Mills Kessaku bangalore,129240000,775506000,POINT (77.5536372 13.0107038),,
Orchid Greens bangalore,129277000,775495000,POINT (77.6554441 13.0879221),,
Embassy Boulevard bangalore,129335000,775703000,POINT (77.6389992 13.1479839),,
Century Breeze bangalore,129321000,775571000,POINT (77.6011008 13.0958355),,
The Phoenix Mills Kessaku bangalore,129160000,775731000,POINT (77.5536372 13.0107038),,
Prestige Royale Gardens bangalore,129288000,775633000,POINT (77.57063950000001 13.1395085),,
Brigade Panorama bangalore,129215000,775604000,POINT (77.45370779999999 12.8870631),,
SJR Palazza City bangalore,129071000,775574000,POINT (77.6984995 12.9046539),,
Garuda Vista bangalore,129171000,775801000,POINT (77.6867056 12.9852446),,
Sri Nandana Royal bangalore,129243000,775815000,POINT (77.70144359999999 12.8337182),,
Vaishnavi North 24 bangalore,129301000,775807000,POINT (77.59730499999999 13.052728),,
Prestige West Woods bangalore,129164000,775646000,POINT (77.5647402 12.9776982),,
Bren Champions Square bangalore,129145000,775569000,POINT (77.70859449999999 12.901324),,
Beverly Hills bangalore,130624000,775805000,POINT (77.5392322 12.8912793),,
Arge Helios bangalore,130336000,775851000,POINT (77.65153649999999 13.0654977),,
SOBHA Arena - The Park bangalore,130357000,775398000,POINT (77.53673999999999 12.8642033),,
GK Tropical Springs bangalore,130687000,776019000,POINT (77.7761359 12.9846992),,
Gravity Nakshatra bangalore,131073000,775536000,POINT (77.80411389999999 13.073371),,
Brigade Cosmopolis - Phase 1 & 2 bangalore,130295000,776053000,POINT (77.7461421 12.9621546),,
Gopalan Olympia bangalore,131098000,775782000,POINT (77.4501207 12.8753163),,
Legacy Cirocco bangalore,130791000,776067000,POINT (77.596148 13.087229),,
Vajram Tiara bangalore,130799000,776055000,POINT (77.5693818 13.1377116),,
Century Ethos bangalore,130807000,775439000,POINT (77.5950079 13.0616882),,
Frontier Heights bangalore,130887000,776062000,POINT (77.6756456 12.9055155),,
Whitestone Rosario bangalore,130376000,775768000,POINT (77.735935 13.013394),,
Casagrand Royce bangalore,130328000,775634000,POINT (77.7301136 13.0095427),,
Sowparnika Purple Rose bangalore,130667000,775362000,POINT (77.81143430000002 13.0996181),,
Casagrand Esmeralda bangalore,130473000,775652000,POINT (77.7668846 12.8356242),,
Mahaveer Zephyr bangalore,130569000,775415000,POINT (77.6193205 12.900891),,
Valmark Orchard Square bangalore,130496000,775824000,POINT (77.5860474 12.870642),,
Purva Highland bangalore,130526000,775433000,POINT (77.54460170000002 12.8539676),,
Vasathi Avante bangalore,131005000,775634000,POINT (77.62227829999999 13.0606229),,
Brigade Lakefront - Amber Block bangalore,130871000,775608000,POINT (77.7113528 12.9789932),,
Vajram Elina bangalore,130340000,775676000,POINT (77.63737279999999 13.0781),,
Gopalan Lake Front bangalore,130531000,775887000,POINT (77.6764512 12.8377608),,
Shriram Southern Crest bangalore,130534000,775896000,POINT (77.5723024 12.9058075),,
Bavisha Urban Homes bangalore,130350000,775674000,POINT (77.765354 12.8594994),,
Mantri Serenity bangalore,130986000,775628000,POINT (77.55137359999999 12.8869436),,
Salarpuria Sattva Misty Charm bangalore,130347000,775948000,POINT (77.5432976 12.8638771),,
Hara Vijaya Heights bangalore,131057000,775928000,POINT (77.526696 12.8634786),,
ELV KingsLand bangalore,130307000,775920000,POINT (77.7414335 12.9694606),,
MBR Shangri La bangalore,130931000,775483000,POINT (77.4926026 12.9218502),,
Keya Homes The Green Terraces bangalore,130538000,775833000,POINT (77.6563314 12.8220091),,
SNN Clermont bangalore,130893000,775997000,POINT (77.60939789999999 13.0412129),,
Mahaveer Turquoise bangalore,130542000,775939000,POINT (77.64419319999999 12.8672756),,
TATA The Promont bangalore,130857000,775513000,POINT (77.5367614 12.9208104),,
NVT Life Square bangalore,130586000,775907000,POINT (77.7639204 12.9754639),,
Ozone WF48 bangalore,130266000,775949000,POINT (77.69483219999999 12.9954655),,
Sobha Royal Pavilion bangalore,130542000,775577000,POINT (77.702125 12.8962858),,
Saiven Siesta bangalore,130255000,775516000,POINT (77.76833259999999 12.8888172),,
Salarpuria Sattva Northland bangalore,130763000,775596000,POINT (77.654127 13.082285),,
Legacy Eldora bangalore,130443000,775722000,POINT (77.62370799999999 13.102545),,
Pride Enchanta Phase II bangalore,131061000,775567000,POINT (77.5353712 12.9478889),,
Vriksha by Provident bangalore,130875000,775343000,POINT (77.48484119999999 12.9960104),,
Mahaveer Cygnet bangalore,130812000,775599000,POINT (77.61716299999999 13.1024979),,
Mahaveer Palatium bangalore,130299000,775621000,POINT (77.6143312 12.7579595),,
Sashank Aavaas bangalore,130376000,775752000,POINT (77.5473949 13.1041866),,
Brigade Woods bangalore,130630000,776018000,POINT (77.73385139999999 12.9783211),,
Vaishnavi Oasis bangalore,130422000,775660000,POINT (77.56383249999999 12.8735596),,
Bren Woods bangalore,131153000,775340000,POINT (77.6832261 12.8617047),,
KVG Grandeur bangalore,130439000,775554000,POINT (77.6900306 13.0274574),,
Godrej Air bangalore,130574000,775833000,POINT (77.71185009999999 12.9886656),,
Bhartiya City Nikoo Homes II bangalore,130565000,775392000,POINT (77.644525 13.085357),,
KVG Grandeur bangalore,130878000,775623000,POINT (77.6900306 13.0274574),,
Vaishnavi Oasis bangalore,130402000,775574000,POINT (77.56383249999999 12.8735596),,
NCN Swasthi bangalore,131038000,776046000,POINT (77.63059489999999 13.0187542),,
Godrej Air bangalore,130951000,775986000,POINT (77.71185009999999 12.9886656),,
Sashank Aavaas bangalore,131141000,775671000,POINT (77.5473949 13.1041866),,
L&T Raintree Boulevard bangalore,130844000,775855000,POINT (77.59079919999999 13.0690275),,
Aparna Elina bangalore,130845000,775365000,POINT (77.5518105 13.0200021),,
Eden and Serene at Brigade Cornerstone Utopia bangalore,130738000,775680000,POINT (77.74390529999999 12.9344677),,
Bren Woods bangalore,130616000,775360000,POINT (77.6832261 12.8617047),,
DNR Casablanca bangalore,130793000,775444000,POINT (77.6892331 12.9941357),,
Suvastu Oak Leaf bangalore,130854000,776056000,POINT (77.76020389999999 12.8810346),,
Mahaveer Horizon bangalore,130406000,775556000,POINT (77.708823 13.00245),,
DSMAX SKYCLASSIC bangalore,130425000,775744000,POINT (77.67089539999999 12.8178837),,
Godrej Reserve bangalore,130751000,775392000,POINT (77.71373059999999 13.2417155),,
GR Elysium 3 bangalore,130325000,775903000,POINT (77.75149519999999 13.0000972),,
DSMAX SKYSCAPE bangalore,131054000,775875000,POINT (77.6830226 13.0550595),,
Shri Sai Mounika Park Vesta bangalore,130294000,775565000,POINT (77.6487652 13.0415694),,
Mahindra Lifespace Windchimes Phase II bangalore,131007000,775994000,POINT (77.59768099999999 12.88624),,
Goyal Orchid Woods bangalore,130457000,775648000,POINT (77.6507041 13.0663138),,
Sai Charan Hill View bangalore,130776000,775671000,POINT (77.5148337 12.8904203),,
Prestige Kew Gardens bangalore,130935000,775899000,POINT (77.68094119999999 12.9481617),,
Deccan Habitat bangalore,130774000,775385000,POINT (77.545092 13.029479),,
Klassik Landmark Phase 2 bangalore,131046000,776064000,POINT (77.67757539999999 12.8956917),,
Sobha Morzaria Grandeur bangalore,130570000,775950000,POINT (77.6019266 12.9339158),,
Poorvi Shreenivasa Grand bangalore,130914000,775470000,POINT (77.537075 12.885729),,
DSMAX SAVERA bangalore,130649000,775589000,POINT (77.5403467 12.9060634),,
NVT Mystic Garden bangalore,130774000,775685000,POINT (77.7792542 12.7924016),,
GRC Subhiksha bangalore,130608000,775984000,POINT (77.68199389999999 12.8848843),,
Rohan Iksha bangalore,130454000,775811000,POINT (77.6990608 12.9266782),,
DNR Reflection bangalore,130892000,775517000,POINT (77.66866499999999 12.9240559),,
Vaishnavi Serene bangalore,130688000,776016000,POINT (77.5672242 13.1241534),,
Uber Verdant bangalore,130513000,775601000,POINT (77.69994199999999 12.906937),,
Aashrayaa Eternia bangalore,130985000,775984000,POINT (77.62795570000002 12.8842757),,
Tirumala Heights bangalore,130435000,775460000,POINT (77.67201399999999 12.878639),,
Total Environment Pursuit of A Radical Rhapsody bangalore,131117000,775441000,POINT (77.7205139 12.99143),,
New Dawn bangalore,130865000,775945000,POINT (77.6979503 12.8640688),,
SJR Blue Waters bangalore,130417000,775444000,POINT (77.66750209999999 12.8847986),,
Salarpuria Sattva Opus bangalore,130646000,775652000,POINT (77.5088305 13.0445527),,
Embassy Lake Terraces bangalore,130721000,775684000,POINT (77.5933108 13.0499669),,
Yuva Eka bangalore,131019000,775522000,POINT (77.6421833 12.8759951),,
Grand Gandharva bangalore,130467000,775664000,POINT (77.51022449999999 12.9320964),,
LGCL New Life Villas bangalore,130690000,775515000,POINT (77.685152 12.884808),,
Reliaable Residenza bangalore,130388000,775840000,POINT (77.69006399999999 12.8656562),,
NBR Trifecta bangalore,130641000,775814000,POINT (77.8432415 12.8381526),,
Cynosure White Spaces bangalore,130829000,775951000,POINT (77.78185359999999 12.9899643),,
Vaswani Walnut Creek bangalore,130618000,775569000,POINT (77.6938473 12.8935672),,
Reliaable Dollar Colony bangalore,131052000,775531000,POINT (77.6951194 12.8681733),,
The Lake View Address bangalore,131107000,775563000,POINT (77.669921 12.833466),,
Provident Rays Of Dawn bangalore,130454000,775858000,POINT (77.47161009999999 12.8816933),,
Godrej Eternity Life Plus bangalore,130907000,775708000,POINT (77.5418038 12.8561767),,
GAG Classic Amrutha bangalore,129966000,776879000,POINT (77.54395509999999 12.8750421),,
Peninsula Heights bangalore,130043000,777012000,POINT (77.592652 12.915558),,
The Address Makers Serenity bangalore,130078000,776857000,POINT (77.63288799999999 12.92781),,
GR Regent Park bangalore,129959000,776650000,POINT (77.5936002 12.8551283),,
Purva 270 bangalore,129989000,776621000,POINT (77.6670031 12.9863396),,
Concorde Spring Meadows bangalore,129933000,776784000,POINT (77.5051758 13.064828),,
Emmanuel Heights bangalore,130155000,776720000,POINT (77.67382889999999 12.8921796),,
Salarpuria Sattva Greenage bangalore,130088000,776672000,POINT (77.6313115 12.9024372),,
Brigade Panorama Phase II bangalore,130133000,776983000,POINT (77.45370779999999 12.8870631),,
Total Environment In That Quiet Earth bangalore,129933000,776803000,POINT (77.677491 13.0527303),,
DSR White Waters Phase II bangalore,130024000,776739000,POINT (77.7168506 12.9174004),,
Salarpuria Sattva Senorita bangalore,129942000,776780000,POINT (77.6825606 12.9105194),,
Prestige Lake Ridge bangalore,130108000,776582000,POINT (77.54116719999999 12.8968323),,
Brigade 7 Gardens bangalore,130049000,777003000,POINT (77.53021439999999 12.895314),,
Godrej United bangalore,130115000,776874000,POINT (77.70449769999999 12.9943081),,
MJR Clique Hydra bangalore,130034000,776866000,POINT (77.6661048 12.8294758),,
Legacy Vivienda bangalore,130100000,776893000,POINT (77.66031029999999 13.1857708),,
Total Environment After The Rain bangalore,130123000,776964000,POINT (77.6016927 13.1573953),,
VBC Oracle Heaven bangalore,129989000,777031000,POINT (77.64373189999999 13.0730645),,
Assetz Soul & Soil bangalore,130117000,776721000,POINT (77.53819899999999 12.930827),,
Bhartiya City Nikoo Homes bangalore,130153000,777023000,POINT (77.644525 13.085357),,
Purva The Sound Of Water bangalore,129952000,776995000,POINT (77.6019434 12.8505636),,
Sky Court bangalore,130068000,776640000,POINT (77.7023823 12.9418086),,
Brigade Exotica - Burgundy Tower bangalore,130147000,776796000,POINT (77.74501289999999 13.0443079),,
Vajram Esteva bangalore,129968000,776634000,POINT (77.6864719 12.9306574),,
Brigade Orchards Luxury Apartments bangalore,129997000,776751000,POINT (77.72362079999999 13.230003),,
Aratt Milano bangalore,130115000,776790000,POINT (77.6978713 12.8677967),,
Skanda Avani C99 bangalore,130161000,776787000,POINT (77.724401 12.90952),,
Brigade Altamont bangalore,130145000,776696000,POINT (77.6417051 13.0609295),,
Mana Foliage bangalore,129943000,776770000,POINT (77.74269489999999 12.834063),,
Brigade Meadows bangalore,130126000,776546000,POINT (77.50819419999999 12.8141256),,
Sansidh Galaxy bangalore,130108000,776670000,POINT (77.62399860000001 13.0658986),,
Myhna Maple bangalore,130041000,776898000,POINT (77.74157699999999 12.934066),,
DSMAX STARRY bangalore,129926000,776759000,POINT (77.6511943 12.8288136),,
Brigade Bricklane bangalore,129950000,776733000,POINT (77.6320051 13.1003515),,
Orbis BVS Avenues bangalore,130037000,777000000,POINT (77.74662649999999 12.9582656),,
Arvind Skylands bangalore,130011000,776698000,POINT (77.6014 13.0892362),,
Prestige Jindal City bangalore,129923000,777038000,POINT (77.48404239999999 13.0542876),,
Orbis BVS Avenues bangalore,130031000,776927000,POINT (77.74662649999999 12.9582656),,
Aratt Premier bangalore,130152000,776807000,POINT (77.7095717 12.9813098),,
Vajram Esteva bangalore,130077000,776918000,POINT (77.6864719 12.9306574),,
Prestige Jindal City bangalore,130075000,776677000,POINT (77.48404239999999 13.0542876),,
Global Golden Pearl bangalore,130085000,777016000,POINT (77.77711099999999 12.787143),,
Gopalan Sanskriti bangalore,130055000,776989000,POINT (77.4958233 12.9128816),,
Kolte Patil I TOWERS Exente bangalore,129971000,776942000,POINT (77.669984 12.849516),,
Venkat Windsor East bangalore,130027000,776889000,POINT (77.7082434 13.0375925),,
Provident Park Square Phase II bangalore,130026000,776684000,POINT (77.5406447 12.8636392),,
Svamitva Sylvia CIty bangalore,129995000,776828000,POINT (77.7619136 13.0530435),,
Sobha Silicon Oasis bangalore,129965000,776596000,POINT (77.6612248 12.867993),,
Disha Courtyard bangalore,130060000,776924000,POINT (77.7568397 12.974269),,
Krish Eirianwen bangalore,129927000,776624000,POINT (77.7252647 13.0183013),,
Mahaveer Celesse bangalore,129991000,776696000,POINT (77.61794379999999 13.1500949),,
Zonasha Paradiso bangalore,129999000,776852000,POINT (77.7038489 12.9754771),,
DSMAX SKYLISHCIOUS bangalore,130165000,776841000,POINT (77.7865073 12.834025),,
Saranya Soham bangalore,130120000,776820000,POINT (77.7166496 12.9492971),,
NYK Metro Urbano bangalore,130053000,776740000,POINT (77.6376131 12.8919021),,
Aratt Vivera bangalore,129994000,776588000,POINT (77.6258232 12.8687962),,
Sekhar Olympus bangalore,129976000,776702000,POINT (77.6579922 13.0311397),,
Ozone Urbana bangalore,130031000,776647000,POINT (77.6635981 13.2032646),,
GM Infinite E City Town Phase II bangalore,130018000,776621000,POINT (77.66407 12.8192308),,
The Gran Carmen Address bangalore,130028000,776586000,POINT (77.711096 12.90064),,
Hiranandani Glen Classic bangalore,130111000,776854000,POINT (77.5743451 13.0530787),,
Advaitha Aksha bangalore,129969000,776671000,POINT (77.6405757 12.9262427),,
Legacy Salvador bangalore,130027000,776732000,POINT (77.58103299999999 13.1201364),,
Salarpuria Sattva Anugraha bangalore,130085000,776835000,POINT (77.5186374 12.9827531),,
Concorde Napa Valley bangalore,129954000,776592000,POINT (77.51237039999999 12.7861871),,
Salarpuria Sattva Aspire bangalore,130038000,776936000,POINT (77.6543973 13.083073),,
Brick N Land Garden and Skies bangalore,130159000,776855000,POINT (77.6446577 12.9085662),,
42 Queens Square bangalore,130090000,776759000,POINT (77.7825326 12.8525569),,
Assetz Earth & Essence bangalore,130018000,776737000,POINT (77.64160230000002 13.1480106),,
Salarpuria Sattva Aspire bangalore,129958000,776770000,POINT (77.6543973 13.083073),,
Mantri Webcity bangalore,130017000,776627000,POINT (77.6511247 13.0735045),,
Brigade Buena Vista Phase I bangalore,130127000,776545000,POINT (77.73973289999999 13.0639183),,
Shriram Greenfield Phase 2 bangalore,130014000,776806000,POINT (77.75127239999999 13.0708496),,
Rohan Upavan bangalore,130166000,776911000,POINT (77.6611702 13.0559341),,
SSB Urban Lotus bangalore,129981000,776737000,POINT (77.6862204 12.8671125),,
Pride Sunrise bangalore,130153000,776614000,POINT (77.6032484 12.8754555),,
SLV Pragathi Amber bangalore,130060000,776871000,POINT (77.69773719999999 12.8363904),,
SKS Garden bangalore,130003000,776946000,POINT (77.5945627 12.9715987),,
Bhartiya City bangalore,130026000,776808000,POINT (77.6423729 13.0832763),,
Assetz Marq Phase 2 bangalore,130123000,776596000,POINT (77.76198749999999 13.0244172),,
Surbacon Aspen bangalore,130055000,776941000,POINT (77.62403549999999 13.0861508),,
Artha Emprasa Startup City bangalore,129966000,776811000,POINT (77.802262 13.119653),,
M1 Terra Alegria bangalore,130161000,776809000,POINT (77.77487239999999 13.1042593),,
Banashree Arka Forest View bangalore,130152000,776938000,POINT (77.66835089999999 12.7425352),,
Godrej Aqua bangalore,130033000,776707000,POINT (77.6376119 13.1461447),,
SLV Central park bangalore,129985000,776604000,POINT (77.75171829999999 13.0371494),,
Sobha Palm Court bangalore,130121000,776552000,POINT (77.60629639999999 13.1041146),,
MJR Clique Hercules bangalore,130010000,776744000,POINT (77.66608479999999 12.8297958),,
Klassik Landmark bangalore,130132000,777005000,POINT (77.67757539999999 12.8956917),,
Subhams Antique City bangalore,130036000,776818000,POINT (77.7523614 13.0468846),,
Kritan Iris bangalore,130146000,776704000,POINT (77.6966127 12.8361701),,
Vaishno Solitaire bangalore,130167000,776915000,POINT (77.6712713 13.011668),,
Purva Whitehall bangalore,130101000,776771000,POINT (77.6722151 12.9170738),,
Countryside Raindance bangalore,129930000,776774000,POINT (77.6595798 12.832239),,
Meda Eternity bangalore,130010000,776524000,POINT (77.7079727 13.0289204),,
Shriram Blue bangalore,130038000,777021000,POINT (77.7281167 13.0166354),,
Aakruti Amity  bangalore,130050000,776786000,POINT (77.6950016 12.8340825),,
Shriram Blue bangalore,130024000,776648000,POINT (77.7281167 13.0166354),,
Adonis Plots bangalore,130008000,776736000,POINT (77.7402329 13.2320575),,
Aakruti Amity  bangalore,129473000,777641000,POINT (77.6950016 12.8340825),,
Hilife Greens bangalore,129190000,777532000,POINT (77.7302936 12.9303537),,
Prestige Deja Vu bangalore,129610000,777675000,POINT (77.60799179999999 12.9957229),,
Brigade Parkside East bangalore,129062000,777801000,POINT (77.7018458 12.9026133),,
Sobha City bangalore,128708000,777586000,POINT (77.6382007 13.077151),,
SV Spring Woods bangalore,129011000,777829000,POINT (77.53214299999999 12.8634456),,
Home Town The Address bangalore,129637000,777703000,POINT (77.6871472 12.9382404),,
HM Crescendo bangalore,129111000,777657000,POINT (77.5941112 12.9886925),,
Supertech Micasa bangalore,128982000,777858000,POINT (77.64449399999999 13.097949),,
Arvind Oasis bangalore,129020000,777628000,POINT (77.50250799999999 13.046621),,
Century Central bangalore,128720000,777673000,POINT (77.56545699999999 12.8917718),,
Geown Oasis bangalore,129111000,777620000,POINT (77.7831451 12.8826228),,
Shriram Codename Break Free bangalore,129224000,777579000,POINT (77.7028035 12.832357),,
Purnima Palmgrove bangalore,129438000,777735000,POINT (77.61464869999999 12.963659),,
Peninsula Solitaire bangalore,129221000,777695000,POINT (77.8052447 12.8657356),,
Elite Sai Gardens bangalore,129331000,777525000,POINT (77.7262083 13.280901),,
Bren Northern Lights bangalore,129660000,777802000,POINT (77.60910609999999 13.094024),,
Eshwaree Orchids bangalore,128705000,777516000,POINT (77.5945627 12.9715987),,
Orchid Piccadilly bangalore,129414000,777509000,POINT (77.6326754 13.0862364),,
Confident Sagitta bangalore,128609000,777705000,POINT (77.7170089 12.903687),,
VRR Golden Enclave bangalore,129283000,777541000,POINT (77.65299089999999 12.8236447),,
Saket Callipolis bangalore,128660000,777715000,POINT (77.68541999999999 12.9095176),,
Aditya Palm Grove bangalore,129670000,777638000,POINT (77.6139089 12.9665264),,
Sobha City Santorini bangalore,129318000,777547000,POINT (77.6364212 13.0760867),,
Adarsh Citrine bangalore,128690000,777848000,POINT (77.5884526 12.8954456),,
Prestige Leela Residences bangalore,128591000,777854000,POINT (77.6500106 12.9604699),,
Sruthika Springfields bangalore,128625000,777528000,POINT (77.5385716 13.0776893),,
Assetz Here & Now bangalore,128706000,777856000,POINT (77.6382753 12.9136256),,
SNN Raj Grandeur bangalore,128662000,777651000,POINT (77.6247599 12.9025603),,
Mahaveer Jasper bangalore,129133000,777692000,POINT (77.5861908 12.8827394),,
Prestige Royal Garden 1 bangalore,129266000,777574000,POINT (77.57063950000001 13.1395085),,
Essem18 Poetree bangalore,128724000,777549000,POINT (77.6795801 12.9066586),,
SS Vrudhi bangalore,128774000,777794000,POINT (77.52866829999999 12.8623542),,
Subha 9 Sky Vue bangalore,129471000,777648000,POINT (77.70263489999999 12.7595383),,
Ajmera Lugaano bangalore,128709000,777724000,POINT (77.5587431 13.1097661),,
Umiya Woods Apartment bangalore,129322000,777792000,POINT (77.7452412 12.9752279),,
VSR Rejoice bangalore,129083000,777738000,POINT (77.5945627 12.9715987),,
V K Krishna Gardenia bangalore,129171000,777613000,POINT (77.54853229999999 12.8780046),,
Peram's Eco City bangalore,129365000,777751000,POINT (77.8254697 13.130345),,
SJR Hamilton Homes bangalore,129099000,777680000,POINT (77.6976643 12.8654578),,
GM Infinite Daffodils bangalore,129039000,777555000,POINT (77.50699999999999 13.0617529),,
Prestige White Meadows bangalore,128730000,777539000,POINT (77.75272579999999 12.9751074),,
Celebrity Natures Habitat bangalore,128917000,777513000,POINT (77.79282119999999 12.8161591),,
Kolte Patil Mirabilis bangalore,129077000,777820000,POINT (77.66117300000001 13.031804),,
KNS Ojas bangalore,128855000,777514000,POINT (77.445078 12.947932),,
Provident Park Square Phase I bangalore,128901000,777578000,POINT (77.5406447 12.8636392),,
Keerthi Regalia bangalore,128839000,777723000,POINT (77.6846989 12.9103529),,
ND Magnolia Apartment bangalore,128705000,777589000,POINT (77.76798330000001 12.9745516),,
Brigade Atmosphere bangalore,129074000,777743000,POINT (77.7388028 13.2661949),,
Land Capital Primero bangalore,128776000,777788000,POINT (77.7048731 12.905134),,
SSVR Iris bangalore,128738000,777602000,POINT (77.7336308 12.9401171),,
Camellia Pride bangalore,128886000,777525000,POINT (77.74851289999999 12.9334857),,
Trinco Nandanavana bangalore,129473000,777525000,POINT (77.6041391 12.9147753),,
North Gardens bangalore,128979000,777672000,POINT (77.5945627 12.9715987),,
Lotus Petals bangalore,129152000,777797000,POINT (77.59897769999999 12.8572384),,
Soni Tranquil bangalore,129526000,777787000,POINT (77.59261409999999 12.9001488),,
Taapasi Rosevista bangalore,129211000,777828000,POINT (77.6450215 13.1251357),,
SVR Green Woods bangalore,128971000,777853000,POINT (77.7224729 12.9478872),,
SD Aashrita bangalore,129196000,777550000,POINT (-99.9018131 43.9695148),,
Sidvin Grace Apartment bangalore,128961000,777643000,POINT (77.4971036 12.960705),,
SJR Hamilton Homes bangalore,129304000,777769000,POINT (77.6976643 12.8654578),,
Trinco Nandanavana bangalore,129425000,777635000,POINT (77.6041391 12.9147753),,
North Gardens bangalore,128664000,777582000,POINT (77.5945627 12.9715987),,
Lotus Petals bangalore,129631000,777608000,POINT (77.59897769999999 12.8572384),,
Kolte Patil Mirabilis bangalore,128597000,777743000,POINT (77.66117300000001 13.031804),,
Prestige Lakeside Habitat bangalore,129405000,777685000,POINT (77.7401083 12.9299576),,
Provident Park Square Phase I bangalore,129020000,777518000,POINT (77.5406447 12.8636392),,
Brigade Atmosphere bangalore,128721000,777702000,POINT (77.7388028 13.2661949),,
Prestige Fontaine Bleau bangalore,129232000,777694000,POINT (77.7417992 12.9757829),,
Vasundra Krishnashreya bangalore,129275000,777804000,POINT (77.49931140000001 12.9797094),,
SSVR Iris bangalore,129229000,777842000,POINT (77.7336308 12.9401171),,
Assetz Leaves & Lives bangalore,129333000,777518000,POINT (77.70514709999999 12.8864479),,
Soni Tranquil bangalore,129489000,777764000,POINT (77.59261409999999 12.9001488),,
SVR Green Woods bangalore,129291000,777521000,POINT (77.7224729 12.9478872),,
Samruddhi Nandana bangalore,129199000,777809000,POINT (77.72768189999999 13.0021832),,
Green City Eutopia bangalore,129434000,777502000,POINT (77.6099162 12.9097565),,
RS Sanchike bangalore,128799000,777678000,POINT (77.47806919999999 12.9232226),,
Brigade Buena Vista Phase II bangalore,128787000,777723000,POINT (77.73973289999999 13.0639183),,
Dhruv Paradise bangalore,129415000,777540000,POINT (77.6837666 12.9027777),,
Ahad Euphoria bangalore,129041000,777533000,POINT (77.70806759999999 12.8964286),,
Pramuk MM Meridian bangalore,128764000,777680000,POINT (77.5751633 12.93025),,
Saideep Hulas bangalore,129081000,777544000,POINT (77.74364489999999 13.0416462),,
Adarsh Tranqville bangalore,129189000,777538000,POINT (77.6533609 13.0779618),,
Adithya Tranquil bangalore,129093000,777614000,POINT (77.60800720000002 13.1207272),,
Prestige Summer Fields bangalore,128795000,777839000,POINT (77.6967126 12.9231407),,
Mahaveer Carnation bangalore,129239000,777743000,POINT (77.59954599999999 12.9666845),,
Sanvi Sankalpam bangalore,129439000,777543000,POINT (77.7713555 12.9697226),,
MBR Suave bangalore,129083000,777509000,POINT (77.7506585 13.0073616),,
The Five Summit Address bangalore,129344000,777619000,POINT (77.72675099999999 12.985145),,
Brigade Lakefront Blue bangalore,129053000,777826000,POINT (77.7113528 12.9789932),,
Royale Township bangalore,129465000,777633000,POINT (77.44583919999999 13.087926),,
Damden Vivo bangalore,128856000,777814000,POINT (77.7830215 12.8001258),,
Shri Balaji Ocean bangalore,128600000,777860000,POINT (77.72563219999999 12.839761),,
RR Roshan Platinum bangalore,129673000,777696000,POINT (77.60568889999999 12.8840635),,
Sekhar Casa Bianca bangalore,129214000,777581000,POINT (77.7162381 12.9387133),,
Concorde Epitome bangalore,129696000,777691000,POINT (77.6940515 12.8378157),,
KR Grand View Heights bangalore,129226000,777521000,POINT (77.67285699999999 13.0191483),,
Assetz East Point bangalore,128625000,777780000,POINT (77.69453949999999 12.9212968),,
Trillium Apartment bangalore,128930000,777563000,POINT (77.69080799999999 12.867074),,
Legacy Calista bangalore,128866000,777720000,POINT (77.5681996 13.111337),,
Purva Zenium bangalore,128527000,776234000,POINT (77.6389257 13.1460926),,
JRC Palladio bangalore,129343000,775492000,POINT (77.77295669999999 12.8275997),,
Sowparnika Tharangini bangalore,128905000,776057000,POINT (77.78777359999999 12.8831728),,
Expart The Wisdom Tree bangalore,128618000,775783000,POINT (77.63975789999999 13.0610879),,
Legacy Saviero bangalore,128737000,776596000,POINT (77.66188510000001 13.0239094),,
Godrej Eternity bangalore,129000000,775958000,POINT (77.5407321 12.8570477),,
Sri Balaji Monarch bangalore,128986000,775958000,POINT (77.70474299999999 12.9050736),,
Sumadhura Eden Garden bangalore,129111000,776116000,POINT (77.75069270000002 13.0283684),,
Asset Arcadia bangalore,128595000,776199000,POINT (77.7556354 12.8249955),,
Sanjana Supreme bangalore,129332000,776389000,POINT (77.6198368 12.8821041),,
Embassy Edge bangalore,128504000,776285000,POINT (77.7145355 13.2459154),,
Lennar Edifice bangalore,128970000,776558000,POINT (77.7370902 12.9779258),,
MV Vajra Value Plus bangalore,129230000,776659000,POINT (77.55231669999999 12.879664),,
Sipani Bliss 1 bangalore,128585000,775494000,POINT (77.72399589999999 12.7808199),,
V Venture Essence bangalore,129070000,775786000,POINT (77.5902232 12.8921457),,
Sowparnika Indraprastha bangalore,128643000,776706000,POINT (77.822102 12.9865162),,
Pavani Divine bangalore,128829000,776595000,POINT (77.7181327 12.9831056),,
Bluejay Atmosphere bangalore,129175000,775761000,POINT (77.48132799999999 13.026091),,
Vikas Hills View Meadows bangalore,128454000,776057000,POINT (77.52991969999999 12.896422),,
Bluejay Atmosphere bangalore,128871000,776064000,POINT (77.48132799999999 13.026091),,
Pavani Divine bangalore,128459000,776705000,POINT (77.7181327 12.9831056),,
Bhartiya City 2 bangalore,129114000,775769000,POINT (77.6423729 13.0832763),,
Sanjana Supreme bangalore,128705000,775507000,POINT (77.6198368 12.8821041),,
V Venture Essence bangalore,128957000,776320000,POINT (77.5902232 12.8921457),,
Total Environment The Magic Faraway Tree Phase II bangalore,128693000,776473000,POINT (77.5298378 12.8596021),,
SLV Diamond bangalore,128843000,776520000,POINT (77.63589259999999 13.0375445),,
TooGoodHomes by Provident bangalore,129246000,776502000,POINT (77.6194189 13.0831589),,
SLV Lakshmi Narayana Nilaya bangalore,128586000,775913000,POINT (77.621871 12.997227),,
Chariot Windsor Castel bangalore,128446000,776174000,POINT (77.7685616 12.8595114),,
Citrus Florence bangalore,128487000,776318000,POINT (77.5945627 12.9715987),,
Dhiraan Newyork Meadows bangalore,129169000,775511000,POINT (77.71162030000001 12.7879805),,
Inner Spaces Meadow In The Sun bangalore,128866000,775738000,POINT (77.6726237 12.8982134),,
ND Around The Mangoes bangalore,128967000,776285000,POINT (77.60450949999999 12.9099636),,
Amigo Estella bangalore,128690000,775664000,POINT (77.6330036 13.0608351),,
SLV Magnum bangalore,129342000,775771000,POINT (77.62421280000001 12.9108838),,
Navami Funique bangalore,129156000,776610000,POINT (77.6546046 12.8695931),,
Bluejay Nine Forum bangalore,129252000,775599000,POINT (77.64013039999999 12.8645663),,
Pionier Lifestyle bangalore,128471000,776415000,POINT (77.69595129999999 12.8728757),,
Purva Midtown Residences bangalore,128601000,775615000,POINT (77.6663724 12.9996774),,
Aratt Firenza bangalore,128846000,776305000,POINT (77.6619456 12.8291828),,
Grand Duke Villas bangalore,129000000,775926000,POINT (77.6963918 12.7609104),,
Sowmya Shailam bangalore,128868000,775485000,POINT (77.57375990000001 12.9437506),,
A Peace Paramount bangalore,129161000,775852000,POINT (77.56665579999999 13.1141821),,
Sobha Morzaria Grandeur Phase II bangalore,129287000,776634000,POINT (77.6019266 12.9339158),,
Patel Smondoville bangalore,128992000,776564000,POINT (77.65774549999999 12.8219467),,
Arsis Green Hills bangalore,129330000,776045000,POINT (77.707093 13.019059),,
Purva Westend bangalore,128598000,776360000,POINT (77.63837459999999 12.89072),,
Maarq Alpha bangalore,128908000,776002000,POINT (77.70218369999999 12.9144324),,
Patel Smondoville bangalore,129254000,776478000,POINT (77.65774549999999 12.8219467),,
Pashmina Lagoon Residences bangalore,129207000,776529000,POINT (77.7242591 13.0754163),,
Arsis Green Hills bangalore,128679000,776578000,POINT (77.707093 13.019059),,
Columbia Belleza bangalore,129005000,776360000,POINT (77.57807529999999 12.8711086),,
Bren Trillium bangalore,129183000,776538000,POINT (77.66641539999999 12.8661314),,
Nitesh Caesars Palace bangalore,128785000,776467000,POINT (77.546492 12.8776451),,
Patel Smondo 2 bangalore,129150000,775925000,POINT (77.6598477 12.8217185),,
Godrej Woodsman Estate bangalore,128855000,775936000,POINT (77.5960248 13.0544261),,
Prestige Park Square bangalore,128921000,776733000,POINT (77.58784519999999 12.8469172),,
VRR Nest bangalore,128909000,775711000,POINT (77.6629466 12.8639934),,
Sizzle Gold Coast bangalore,128955000,775611000,POINT (77.6599252 13.0161167),,
Sobha HRC Pristine bangalore,129118000,775554000,POINT (77.6059904 13.0679382),,
Shoban Silver Domicile bangalore,129111000,776481000,POINT (77.62788309999999 13.0626596),,
VBHC Palmhaven Phase II bangalore,129262000,776225000,POINT (77.47229659999999 12.8823501),,
NCC Urban Green Province bangalore,129111000,775513000,POINT (77.7720839 12.866571),,
Incor Carmel Heights bangalore,128592000,776361000,POINT (77.74778549999999 12.9608801),,
Hatha Coco Nest bangalore,128973000,776720000,POINT (77.67882329999999 12.9452912),,
The Magic Faraway Tree bangalore,128594000,776597000,POINT (77.52995439999999 12.859542),,
Hiranandani Evita bangalore,128560000,776583000,POINT (77.6121874 12.8760537),,
Midtown Raaga bangalore,128943000,776299000,POINT (77.7300865 13.0045009),,
Ambika Arcade bangalore,128638000,776321000,POINT (77.72676149999999 13.236074),,
Bren Paddington bangalore,128818000,776686000,POINT (77.6758485 12.9184653),,
Master Classic Residency bangalore,129203000,775538000,POINT (77.59984969999999 13.0925662),,
Avanti by Shriline bangalore,129068000,775595000,POINT (77.7072491 12.7101547),,
Purva Coronation Square bangalore,129116000,776418000,POINT (77.5795323 12.8953453),,
Krishna Greens North Pride bangalore,128558000,775762000,POINT (77.61911599999999 13.270314),,
Adarsh Palm Retreat Mayberry bangalore,129117000,776737000,POINT (77.6942608 12.9164497),,
Garuda Royal Homes bangalore,129221000,776482000,POINT (77.7057087 13.0151889),,
Provident WelWorth City bangalore,129098000,775913000,POINT (77.54809729999999 13.2293032),,
Adiga 100 trees bangalore,128700000,776540000,POINT (77.59403229999999 12.9185092),,
Purva Coronation Square bangalore,128883000,776725000,POINT (77.5795323 12.8953453),,
Nitesh Rio bangalore,129035000,775765000,POINT (77.535788 12.8631579),,
Urban Eco Space bangalore,128652000,776438000,POINT (77.79813899999999 12.8318138),,
Adarsh Palm Retreat Mayberry bangalore,129215000,776581000,POINT (77.6942608 12.9164497),,
Garuda Royal Homes bangalore,129308000,776340000,POINT (77.7057087 13.0151889),,
Prestige Royal Garden 2 bangalore,129198000,776558000,POINT (77.57063950000001 13.1395085),,
Godrej Reflections bangalore,129151000,776140000,POINT (77.668165 12.9118913),,
Prestige Kenilworth bangalore,129094000,775769000,POINT (77.59613109999999 12.9902606),,
Adiga 100 trees bangalore,129301000,775614000,POINT (77.59403229999999 12.9185092),,
Iconest 3 bangalore,128736000,776693000,POINT (77.6796032 12.8011407),,
Disha Central Park bangalore,129027000,775502000,POINT (77.713246 12.9376923),,
Sumadhura Nandanam bangalore,128849000,776014000,POINT (77.71390769999999 12.9905248),,
Purva Seasons bangalore,129312000,776627000,POINT (77.66685409999999 12.9878209),,
Maarq Vista bangalore,128613000,775846000,POINT (77.71509759999999 13.410396),,
Icon Sanctuary bangalore,128801000,775925000,POINT (77.80967699999999 12.8554461),,
Adarsh Pinecourt bangalore,129206000,775779000,POINT (77.66192149999999 13.0837992),,
Ajmera Nucleus bangalore,128957000,776512000,POINT (77.6807465 12.851016),,
Whitestone Florenso bangalore,129261000,776489000,POINT (77.76276799999999 13.059249),,
Unicon North Brooks 46 bangalore,128902000,775442000,POINT (77.5561585 13.1042012),,
KBR Elite bangalore,129085000,775871000,POINT (77.60612789999999 13.048417),,
CMRS Mulberry Mist bangalore,128704000,775668000,POINT (77.7524506 12.9450837),,
Brigade Orchards Juniper bangalore,129004000,775477000,POINT (77.723767 13.2264186),,
Ramky One North bangalore,129333000,776210000,POINT (77.5706196 13.1361505),,
Icon Laurels bangalore,129287000,776186000,POINT (77.6793722 12.7998369),,
Ambika Anjanadri Layout bangalore,129273000,776134000,POINT (77.6612167 13.0027226),,
Fortuna Acacia bangalore,129274000,776147000,POINT (77.58699580000001 13.0698679),,
G Corp Residences bangalore,129265000,776212000,POINT (77.63659729999999 12.9303569),,
Arya Hamsa bangalore,129283000,776154000,POINT (77.57451949999999 12.8599997),,
Northern Destiny bangalore,129332000,776185000,POINT (77.63371990000002 13.1000006),,
Bren Palms bangalore,129190000,776124000,POINT (77.6447601 12.8911424),,
Roma Epicurean bangalore,129256000,776140000,POINT (77.7347721 12.9671),,
CMRS Mulberry Mist bangalore,129235000,776165000,POINT (77.7524506 12.9450837),,
Manar Pureearth bangalore,129257000,776214000,POINT (77.78723459999999 12.8667734),,
Adarsh Premia bangalore,129256000,776149000,POINT (77.5616 12.920315),,
VRR Fortuna bangalore,129310000,776223000,POINT (77.70290810000002 12.9048311),,
Gina Shalom bangalore,129202000,776155000,POINT (77.70791849999999 13.0184845),,
Alembic Urban Forest bangalore,129317000,776169000,POINT (77.76096770000001 12.9853338),,
Northern Destiny bangalore,129183000,776146000,POINT (77.63371990000002 13.1000006),,
Bren Palms bangalore,129248000,776190000,POINT (77.6447601 12.8911424),,
TG Epitome bangalore,129335000,776146000,POINT (77.68980809999999 12.8671517),,
Ambiience Aamby City bangalore,129340000,776134000,POINT (77.81879239999999 13.1319198),,
NVT Arcot Vaksana bangalore,129300000,776154000,POINT (77.7840279 12.8536467),,
Uniidus Breeze bangalore,129205000,776197000,POINT (77.711179 12.944991),,
Marvel Sequoia bangalore,129342000,776191000,POINT (77.7591065 12.9853863),,
Raja Aristos bangalore,129288000,776127000,POINT (77.5981177 12.8639286),,
Swathi Magnolia bangalore,129253000,776171000,POINT (77.5945627 12.9715987),,
LGCL Happy Days bangalore,129211000,776153000,POINT (77.66594429999999 13.0764068),,
Reliaable Dollar Colony Phase II bangalore,129195000,776171000,POINT (77.6734677 12.8608338),,
Skylark Dasos bangalore,129312000,776193000,POINT (77.665454 13.062335),,
Aswani Sunshine bangalore,129319000,776231000,POINT (77.7735794 12.8350619),,
Vaswani Menlo Park bangalore,129294000,776234000,POINT (77.717493 12.9492007),,
SNN Raj GreenBay bangalore,129318000,776170000,POINT (77.67846899999999 12.852932),,
Zed Earth bangalore,129338000,776199000,POINT (77.57827159999999 13.0054998),,
Kolte Patil 24K Grazio bangalore,129265000,776217000,POINT (77.63085839999999 12.9246763),,
Godrej E-City bangalore,129287000,776190000,POINT (77.65302580000001 12.8534247),,
Embassy Pristine bangalore,129294000,776168000,POINT (77.6609868 12.9280203),,
The Presidential Tower bangalore,129290000,776232000,POINT (77.5451712 13.0265663),,
SBI New Bangalore bangalore,129292000,776204000,POINT (77.6164271 12.8762164),,
Niranjan Genesis bangalore,129286000,776145000,POINT (77.6232727 12.8650822),,
Mahaveer Sitara bangalore,129261000,776119000,POINT (77.5866427 12.8937),,
Prestige Silver Sun bangalore,129268000,776178000,POINT (77.6961269 12.9241916),,
Niranjan Genesis bangalore,129351000,776160000,POINT (77.6232727 12.8650822),,
The Presidential Tower bangalore,129189000,776125000,POINT (77.5451712 13.0265663),,
Indio Classic bangalore,129327000,776237000,POINT (77.5945627 12.9715987),,
Chethana Heritage bangalore,129214000,776185000,POINT (77.5945627 12.9715987),,
SBI New Bangalore bangalore,129316000,776234000,POINT (77.6164271 12.8762164),,
Motzkin Park Terrace bangalore,129291000,776129000,POINT (77.77764979999999 12.8277163),,
Skylark Royaume bangalore,129181000,776195000,POINT (77.66587799999999 12.8661023),,
Brigade Northridge - Phase 1 bangalore,129258000,776201000,POINT (77.630922 13.1012353),,
LGCL Stonescape bangalore,129179000,776183000,POINT (77.66253589999999 13.0793738),,
Pioneer Sun Blossom bangalore,129279000,776157000,POINT (77.648506 12.8348947),,
Salarpuria Sattva Magnificia bangalore,129262000,776144000,POINT (77.6689762 12.9962293),,
Sai Purvi Symphony bangalore,129239000,776150000,POINT (77.736761 12.9194265),,
S2 Homes Butterfly Gardens bangalore,129284000,776186000,POINT (77.6316248 12.7671408),,
HM Indigo bangalore,129303000,776170000,POINT (77.57147019999999 12.8730577),,
Radiant Lake View bangalore,129326000,776194000,POINT (77.7210642 13.0320876),,
Asset Aura bangalore,129222000,776190000,POINT (77.72203800000001 12.921249),,
Nambiar Bellezea bangalore,129253000,776156000,POINT (77.72703199999999 12.8423459),,
Salarpuria Sattva Casa Irene bangalore,129213000,776136000,POINT (77.59114049999999 12.8646922),,
Fire Luxur The Empyrean Phase II bangalore,129282000,776236000,POINT (77.8677685 12.9048299),,
SNN Raj Serenity bangalore,129273000,776194000,POINT (77.61376799999999 12.8589085),,
Atco Sapphire bangalore,129264000,776146000,POINT (77.77674829999999 12.8606884),,
Rsun Sushmitham bangalore,129227000,776235000,POINT (77.7659146 12.9890574),,
Peace Rhythm bangalore,129346000,776234000,POINT (77.49780029999999 12.9500313),,
Prestige Jade Pavillion bangalore,129245000,776215000,POINT (77.6956648 12.9216881),,
Oceanus Tranquil bangalore,129299000,776164000,POINT (77.6894379 13.0372514),,
Fortius Under The Sun bangalore,129298000,776161000,POINT (77.67890609999999 13.2364997),,
Pioneer KRS Park Royal bangalore,129178000,776231000,POINT (77.4995552 12.9293554),,
Prestige Shantiniketan bangalore,129234000,776190000,POINT (77.731264 12.989259),,
Habitat Crest bangalore,129332000,776126000,POINT (77.7227793 12.9907059),,
Ruchira Aarna Homes bangalore,129336000,776163000,POINT (77.75527939999999 12.9647206),,
Goyal Alanoville bangalore,129314000,776187000,POINT (77.6594168 13.0887141),,
Purva Skywood bangalore,129194000,776144000,POINT (77.6607174 12.8944929),,
S2 Homes Butterfly Gardens bangalore,129213000,776163000,POINT (77.6316248 12.7671408),,
Brigade Northridge Phase II bangalore,129274000,776223000,POINT (77.630922 13.1012353),,
MN Guru Akshitha bangalore,129184000,776122000,POINT (77.63287 13.092666),,
Puravankara Elita Promenade bangalore,129267000,776229000,POINT (77.6019434 12.8505636),,
Radiant Lake View bangalore,129298000,776217000,POINT (77.7210642 13.0320876),,
Asset Aura bangalore,129295000,776173000,POINT (77.72203800000001 12.921249),,
Brinda Imperial Phase I bangalore,129292000,776144000,POINT (77.64903799999999 12.753406),,
Fire Luxur The Empyrean Phase II bangalore,129265000,776144000,POINT (77.8677685 12.9048299),,
Blue Bell Homes bangalore,129213000,776141000,POINT (77.70421250000001 12.9676128),,
Atco Sapphire bangalore,129332000,776123000,POINT (77.77674829999999 12.8606884),,
Oceanus Tranquil bangalore,129279000,776235000,POINT (77.6894379 13.0372514),,
Fortius Under The Sun bangalore,129296000,776140000,POINT (77.67890609999999 13.2364997),,
Pavani Sarovar Phase II bangalore,129221000,776196000,POINT (77.73409719999999 12.9726354),,
Chamundi Amber Woods bangalore,129208000,776203000,POINT (77.53045089999999 12.8763746),,
Ajmera Annex bangalore,129283000,776226000,POINT (77.6463682 12.8420581),,
Kumar Princetown Royale bangalore,129321000,776127000,POINT (77.5200615 13.0606714),,
Gopalan Atlantis bangalore,129254000,776161000,POINT (77.7439856 12.9741618),,
Spad Classic Nakshatra Nestilo bangalore,129251000,776225000,POINT (77.7499354 12.9640102),,
Opera Spring Leaf bangalore,129300000,776233000,POINT (77.61832369999999 12.8983834),,
The Advantage Raheja Pebble Bay bangalore,129186000,776143000,POINT (77.62840749999999 12.9175193),,
Evershine Greenwood bangalore,129282000,776129000,POINT (77.78054159999999 12.8610024),,
Adarsh Palm Meadows bangalore,129234000,776214000,POINT (77.74059419999999 12.9574201),,
Mantri Centrium bangalore,129260000,776228000,POINT (77.56184850000001 13.0040638),,
Nitesh Cape Cod bangalore,129312000,776169000,POINT (77.67501229999999 12.9224054),,
Arna Meadows bangalore,129214000,776121000,POINT (77.6030904 12.8627811),,
Jain Heights Grand West bangalore,129286000,776138000,POINT (77.5504018 13.0171545),,
Splendid Lake Dews bangalore,129315000,776178000,POINT (77.6272663 12.8700365),,
Jain Heights Grand West bangalore,129269000,776192000,POINT (77.5504018 13.0171545),,
Puravankara Elita Promenade bangalore,129219000,776223000,POINT (77.6019434 12.8505636),,
Aswani Aaeesha bangalore,129566000,776309000,POINT (77.6734677 12.8608338),,
New India Tanzanite bangalore,129632000,776316000,POINT (77.61897620000001 13.1020363),,
Esteem Emblem bangalore,129407000,776354000,POINT (77.6846614 12.8382576),,
Adisesh Prime bangalore,129530000,776272000,POINT (77.99826999999999 13.08155),,
Sai Sowbagya bangalore,129731000,776279000,POINT (77.68355129999999 12.9081743),,
Pavani Sarovar Phase II bangalore,129755000,776303000,POINT (77.73409719999999 12.9726354),,
Chamundi Amber Woods bangalore,129648000,776266000,POINT (77.53045089999999 12.8763746),,
Samhita Elite bangalore,129563000,776361000,POINT (77.70421859999999 13.0351177),,
Saroj Harmony bangalore,129752000,776347000,POINT (77.7418874 12.9313675),,
DSMAX STONESCAPE bangalore,129554000,776285000,POINT (77.5573227 12.8518163),,
Manifest Elite bangalore,129680000,776331000,POINT (77.5945627 12.9715987),,
Sobha Silicon Oasis Row Houses bangalore,129369000,776320000,POINT (77.6612248 12.867993),,
The Advantage Raheja Pebble Bay bangalore,129665000,776287000,POINT (77.62840749999999 12.9175193),,
Sumadhura Lake Breeze bangalore,129508000,776252000,POINT (77.7248939 12.9566809),,
Srimitra Lifestyle bangalore,129677000,776261000,POINT (77.668072 13.0305625),,
Sobha Lake Gardens bangalore,129594000,776352000,POINT (77.7241543 13.0191276),,
Rand Pride Homes bangalore,129621000,776356000,POINT (77.69299070000001 12.9780797),,
JK Suchiraa Villas bangalore,129713000,776326000,POINT (77.5173107 13.0694552),,
Unishire Spacio bangalore,129490000,776358000,POINT (77.6048938 12.8849319),,
Sriven Rag Meridian bangalore,129410000,776381000,POINT (77.68987679999999 12.8183059),,
Arna Meadows bangalore,129668000,776328000,POINT (77.6030904 12.8627811),,
KMB La Palazzo bangalore,129776000,776250000,POINT (77.6659963 12.9196722),,
Sowparnika Flamenco bangalore,129369000,776376000,POINT (77.7850851 12.8550179),,
Ozone Urbana Avenue bangalore,129697000,776381000,POINT (77.6158504 12.9757272),,
Sipani Wattle Grove bangalore,129698000,776403000,POINT (77.623403 12.940446),,
Dhammanagi Kings Ville bangalore,129356000,776393000,POINT (77.583631 12.9960918),,
Upkar Garden bangalore,129503000,776300000,POINT (77.72456649999999 12.7786333),,
Unishire Spacio bangalore,129625000,776321000,POINT (77.6048938 12.8849319),,
Aryan Fountain Square bangalore,129576000,776276000,POINT (77.774883 12.7867076),,
Millennia Lakeview bangalore,129680000,776251000,POINT (77.69838349999999 12.8776976),,
Karle Zenith Residences bangalore,129527000,776396000,POINT (77.61612939999999 13.0472844),,
DSMAX STONESCAPE bangalore,129437000,776245000,POINT (77.5573227 12.8518163),,
Sipani Wattle Grove bangalore,129429000,776366000,POINT (77.623403 12.940446),,
Dhammanagi Kings Ville bangalore,129519000,776274000,POINT (77.583631 12.9960918),,
Prestige Ferns Residency bangalore,129580000,776366000,POINT (77.66220729999999 12.9029705),,
Srimitra Lifestyle bangalore,129443000,776345000,POINT (77.668072 13.0305625),,
Hiranandani Club Meadows bangalore,129625000,776287000,POINT (77.612397 12.875594),,
JK Suchiraa Villas bangalore,129510000,776378000,POINT (77.5173107 13.0694552),,
Upkar Habitat bangalore,129489000,776287000,POINT (77.78244289999999 12.7445533),,
Vaishnavi Nakshatra bangalore,129450000,776288000,POINT (77.54917760000001 13.0254031),,
VMAKS Heights bangalore,129668000,776269000,POINT (77.6978783 12.8367538),,
BSR Sunshine bangalore,129719000,776338000,POINT (77.5984395 13.0463979),,
Ozone Urbana Avenue bangalore,129520000,776347000,POINT (77.6158504 12.9757272),,
Sobha Ruby bangalore,129736000,776290000,POINT (77.5000402 13.0446521),,
Sobha Valley View bangalore,129366000,776402000,POINT (77.52905579999999 12.9312341),,
Canary Woods bangalore,129555000,776383000,POINT (77.5945627 12.9715987),,
Hiranandani Glen Gate bangalore,129717000,776288000,POINT (77.5743451 13.0530787),,
Sobha Clovelly bangalore,129658000,776376000,POINT (77.55590789999999 12.911386),,
Prestige Lakeside Habitat Villa bangalore,129751000,776274000,POINT (77.7401083 12.9299576),,
Dharma Elite bangalore,129497000,776394000,POINT (77.65204690000002 13.0103618),,
Jain Heights East Parade bangalore,129365000,776352000,POINT (77.6823713 12.9735006),,
Dharma Castle bangalore,129749000,776379000,POINT (77.6532302 13.0106268),,
Sobha Daisy bangalore,129605000,776375000,POINT (77.66806339999999 12.9282006),,
Provident Harmony bangalore,129523000,776345000,POINT (77.625441 13.080659),,
Hrvy Sai Sapphire bangalore,129451000,776267000,POINT (77.57857159999999 12.8947372),,
Shravanthi Oakridge bangalore,129635000,776385000,POINT (77.52955089999999 12.8720988),,
ARK Cloud City bangalore,129369000,776348000,POINT (77.76340929999999 12.9842196),,
Vishwapriya Vertical Garden bangalore,129649000,776398000,POINT (77.5231804 12.9385302),,
Shriram Godhuli bangalore,129591000,776335000,POINT (77.80969259999999 13.4682719),,
Opera Canopus bangalore,129781000,776397000,POINT (77.6214482 12.8872949),,
Aster Residential Layout bangalore,129572000,776356000,POINT (77.6358182 12.916873),,
Sipani Jardin bangalore,129684000,776374000,POINT (77.7296121 12.7780888),,
Alpine Viva 2 bangalore,129423000,776365000,POINT (77.7609495 13.0143196),,
Sobha Indraprastha bangalore,129745000,776245000,POINT (77.5634417 12.9811535),,
Pyramid Carnations bangalore,129601000,776303000,POINT (77.56224709999999 13.1351114),,
L&T South City bangalore,129519000,776286000,POINT (77.591002 12.8877919),,
Buildmann Aaroha Condominiums  bangalore,129557000,776406000,POINT (77.70258500000001 13.038895),,
LGCL Luxuriate bangalore,129489000,776279000,POINT (77.6347147 12.9165932),,
Sunil Orchid bangalore,129476000,776315000,POINT (77.5945627 12.9715987),,
Svamitva Emerald Square bangalore,129766000,776403000,POINT (77.67012369999999 12.8146987),,
RJ Brooke Square bangalore,129416000,776328000,POINT (77.7203535 12.9649561),,
Balaji Ashirvaad Elite bangalore,129672000,776347000,POINT (77.59766669999999 12.8547931),,
Ma Sarada Casa Estrella bangalore,129617000,776327000,POINT (77.68640409999999 12.7964534),,
Hiranandani Horizon bangalore,129711000,776329000,POINT (72.90914359999999 19.1153798),,
Corporate Suncity Gloria Block B bangalore,129381000,776293000,POINT (77.7069429 12.9026286),,
Prisha Orchids bangalore,129668000,776360000,POINT (77.6375082 13.0833854),,
SSVR Fairy Bells bangalore,129542000,776386000,POINT (77.58518169999999 13.0713565),,
United Meadows bangalore,129362000,776324000,POINT (77.7224633 12.9658617),,
Rajarajeshwari Vara bangalore,129666000,776332000,POINT (77.5998037 12.981788),,
Purva Waves bangalore,129359000,776335000,POINT (77.66269969999999 13.063187),,
Habitat Eden Heights bangalore,129651000,776343000,POINT (77.7142049 12.9904266),,
Habitat Iluminar bangalore,129622000,776404000,POINT (77.4933195 12.9155329),,
Pruthvi Royal bangalore,129735000,776308000,POINT (77.5943649 12.8627337),,
Godrej Gold County bangalore,129463000,776324000,POINT (77.4902439 13.046768),,
Cattleya Sriven Nest bangalore,129749000,776351000,POINT (77.7491799 12.9372072),,
Brigade Millennium bangalore,129535000,776319000,POINT (77.58245529999999 12.891805),,
TG Ascent bangalore,129456000,776290000,POINT (77.69074089999999 12.8664422),,
Cattleya Sriven Nest bangalore,129383000,776402000,POINT (77.7491799 12.9372072),,
Mahaveer Promenade bangalore,129673000,776399000,POINT (77.7399015 13.0077592),,
K Raheja Jade Gardens bangalore,129605000,776260000,POINT (77.6506622 13.204637),,
Aratt Cityscapes Apartment bangalore,129552000,776368000,POINT (77.75757899999999 13.0611983),,
Radiant Elitaire bangalore,129448000,776357000,POINT (77.5830352 12.8830931),,
RNS Shrinikethan bangalore,129722000,776314000,POINT (77.5388378 13.0321173),,
Prestige Gulmohar bangalore,129591000,776263000,POINT (77.6649757 13.0288528),,
DNR Atmosphere bangalore,129535000,776276000,POINT (77.73903249999999 12.958045),,
Shell North Gate bangalore,129622000,776357000,POINT (77.6468544 13.0669963),,
Disha Loharuka SOLARIS bangalore,129422000,776347000,POINT (77.5902906 12.860781),,
ATZ Estrella bangalore,129693000,776335000,POINT (77.74873629999999 12.9366872),,
MJ Lifestyle Astro bangalore,129532000,776278000,POINT (77.6984882 12.858655),,
Sowparnika Columns bangalore,129427000,776257000,POINT (77.8059633 12.9930415),,
Shriram Sameeksha bangalore,129421000,776725000,POINT (77.53483319999999 13.0721162),,
Sai Vrushabadri Towers bangalore,129260000,776967000,POINT (77.78175469999999 12.9885109),,
Shri Balaji Sarovar bangalore,129230000,776890000,POINT (77.73338179999999 12.9769223),,
Sobha Cedar bangalore,129451000,776793000,POINT (77.52976389999999 12.8779199),,
Prabhavathi Comforts bangalore,129335000,776963000,POINT (77.6290643 12.8864112),,
Platina Exotica bangalore,129445000,776940000,POINT (77.49368149999999 12.9275441),,
Valmark Cityville bangalore,129467000,776292000,POINT (77.604309 12.8626587),,
DSR Sunrise Towers bangalore,129332000,776841000,POINT (77.7602375 12.9821505),,
Dhanapriya Paradise bangalore,129257000,776600000,POINT (77.5945627 12.9715987),,
SVS Trend Square Precioso bangalore,129301000,776663000,POINT (77.66741549999999 13.0345488),,
Sobha Dream Gardens bangalore,129535000,776988000,POINT (77.647408 13.0968857),,
Sumukha Residency bangalore,129275000,776710000,POINT (77.59432320000001 12.9607204),,
Pioneer Kingstown bangalore,129314000,776572000,POINT (77.64419359999999 12.8878665),,
SMR Vinay Estella bangalore,129486000,776461000,POINT (77.5413269 13.0840921),,
Peninsula Prakruthi bangalore,129451000,776980000,POINT (77.78737099999999 12.8732821),,
Prestige Park View bangalore,129421000,776968000,POINT (77.75189180000001 12.9852588),,
Prestige Park View bangalore,129474000,776551000,POINT (77.75189180000001 12.9852588),,
Altius Ardour bangalore,129322000,776741000,POINT (77.76861389999999 12.8354267),,
Mantri Tranquil bangalore,129352000,776872000,POINT (77.5451932 12.8867375),,
Concorde Tech Turf bangalore,129541000,776742000,POINT (77.65518109999999 12.8318141),,
SRK The Villagio bangalore,129425000,776750000,POINT (77.7621594 13.0080164),,
DS Max Splendid bangalore,129422000,776928000,POINT (77.4790222 12.9718563),,
Gravity Sundridge bangalore,129283000,776328000,POINT (77.55935149999999 13.1777165),,
Axis Vedam bangalore,129275000,776696000,POINT (77.5839891 12.8803091),,
Odions The Woods of East Phase 1 bangalore,129399000,776852000,POINT (77.69372369999999 12.8913922),,
IDEB Springfields bangalore,129196000,776836000,POINT (77.6695175 12.9181948),,
Ozone Polestar bangalore,129553000,776387000,POINT (77.6181119 13.0385196),,
Goyal Orchid Lakeview bangalore,129228000,776365000,POINT (77.67864809999999 12.9315349),,
Gempark Address bangalore,129518000,776808000,POINT (77.8103632 12.8699879),,
Sriven Luminous Amaltas bangalore,129429000,776608000,POINT (77.6481115 12.8453334),,
Pyramid Bilberry bangalore,129187000,776827000,POINT (77.6247607 13.0873611),,
Sobha Forest Edge bangalore,129269000,776610000,POINT (77.5285878 12.8763618),,
Aryan Golden Arena bangalore,129475000,776960000,POINT (77.78253359999999 12.806845),,
Park Cubix bangalore,129329000,776421000,POINT (77.720995 13.2418908),,
Brigade Golden Triangle bangalore,129375000,776951000,POINT (77.762862 13.0549285),,
Concorde Luxepolis bangalore,129426000,776944000,POINT (77.56782799999999 12.9567983),,
MBR Brickfield Shelters bangalore,129464000,776298000,POINT (77.7342541 12.8124009),,
Maysons Udbhava bangalore,129373000,776693000,POINT (77.6038995 13.0877551),,
Adarsh Palm Retreat bangalore,129445000,776827000,POINT (77.68510689999999 12.9234947),,
Aratt Cityscapes Villa bangalore,129494000,776554000,POINT (77.75757899999999 13.0611983),,
Avani Gardens bangalore,129343000,776431000,POINT (77.6064885 13.0860725),,
Nakshatra Township bangalore,129220000,776354000,POINT (77.70335519999999 12.7304474),,
Mantri Espana bangalore,129232000,776528000,POINT (77.68350629999999 12.9344706),,
Upscale Golden Lotus bangalore,129315000,776520000,POINT (77.7405079 12.9295788),,
DS & Jacks Needs 3 Project 276 bangalore,129421000,776577000,POINT (77.5963239 12.8707878),,
Sumukha Emerald bangalore,129218000,776704000,POINT (77.58125459999999 12.8758824),,
IDEB Springfields bangalore,129485000,776242000,POINT (77.6695175 12.9181948),,
Sipani Bliss 2 bangalore,129271000,776272000,POINT (77.72399589999999 12.7808199),,
Sriven Luminous Amaltas bangalore,129546000,776863000,POINT (77.6481115 12.8453334),,
Saf Snowdrops bangalore,129507000,776990000,POINT (77.563372 12.8921607),,
ARS Bhavisha bangalore,129510000,776497000,POINT (77.7656243 12.8596605),,
LVS Gardenia Phase 1 bangalore,129527000,776582000,POINT (77.70244719999999 13.0345318),,
Krishnaja Northcity bangalore,129253000,776603000,POINT (77.7059788 13.2389421),,
Bluejay Malgudi bangalore,129188000,776830000,POINT (77.5484676 12.8651727),,
Shriram Chirping Woods Apartment bangalore,129362000,776706000,POINT (77.6688901 12.9090034),,
Veohm Cedar Woods bangalore,129490000,776420000,POINT (77.643044 13.0591532),,
Mana Candela bangalore,129384000,776979000,POINT (77.71009699999999 12.8915171),,
Ezzy Corinth bangalore,129323000,776359000,POINT (77.65154439999999 13.0657555),,
Concorde Amber bangalore,129444000,776418000,POINT (77.70304230000001 12.8948188),,
RJR Patel Residency bangalore,129531000,776520000,POINT (77.7431417 12.93844),,
Century Artizan Phase II bangalore,129315000,776288000,POINT (77.59504099999999 13.129355),,
Prestige Glenwood bangalore,129525000,776239000,POINT (77.73412039999999 13.0767319),,
Aratt Cityscapes Villa bangalore,129277000,776790000,POINT (77.75757899999999 13.0611983),,
Avani Gardens bangalore,129526000,776445000,POINT (77.6064885 13.0860725),,
Sobha Habitech bangalore,129277000,776445000,POINT (77.75520349999999 12.9828292),,
Brigade Parkside West bangalore,129319000,776754000,POINT (77.7018458 12.9026133),,
SNR Windmill bangalore,129274000,776239000,POINT (77.59729799999999 12.855583),,
GCN White Palms bangalore,129204000,776958000,POINT (77.74209499999999 12.9616048),,
Keystone Sarovar bangalore,129414000,776949000,POINT (77.57339809999999 12.8670332),,
Columbia Celestia bangalore,129192000,776791000,POINT (77.5795256 12.8953434),,
Gajanana Sumuk bangalore,129203000,776486000,POINT (77.7185076 12.9917127),,
MIMS Residency bangalore,129406000,776497000,POINT (77.6214664 13.086763),,
Cleartile The Rare Earth Plots bangalore,129346000,776578000,POINT (77.7097953 12.8784133),,
Sobha Daffodil bangalore,129437000,776921000,POINT (77.65341699999999 12.9013076),,
Akruthi Spring Woods bangalore,129561000,776723000,POINT (77.4864 12.985451),,
Shapoorji Pallonji ParkWest Mahogany bangalore,129200000,776432000,POINT (77.5610241 12.963803),,
Cleartile The Rare Earth Plots bangalore,129214000,776583000,POINT (77.7097953 12.8784133),,
Prestige Glenwood bangalore,129300000,776496000,POINT (77.73412039999999 13.0767319),,
Sobha Daffodil bangalore,129538000,776457000,POINT (77.65341699999999 12.9013076),,
Sanvi Sunrise bangalore,129210000,776585000,POINT (77.677601 12.9732444),,
RBD Stillwaters bangalore,129425000,776798000,POINT (77.6632973 12.8945651),,
Relizant Royale bangalore,129186000,776574000,POINT (77.5758522 12.957703),,
Shapoorji Pallonji ParkWest Mahogany bangalore,129369000,776912000,POINT (77.5610241 12.963803),,
Shilpa Dacha bangalore,129439000,776861000,POINT (77.66976079999999 12.915819),,
Brigade Omega bangalore,129463000,776405000,POINT (77.5294655 12.8938298),,
Prestige Royal Garden 3 bangalore,129436000,776440000,POINT (77.57063950000001 13.1395085),,
Sri Bhagwan Elite bangalore,129294000,776295000,POINT (77.64417539999999 12.8730771),,
Ozone Urbana Township bangalore,129404000,776800000,POINT (77.6645319 13.2036001),,
Axis Antara bangalore,129504000,776467000,POINT (77.61804939999999 12.8688053),,
Rohan Vasantha bangalore,129338000,776923000,POINT (77.7070217 12.9568204),,
NR Windgates bangalore,129178000,776609000,POINT (77.62378000000001 13.0859552),,
Silicon Valley bangalore,129339000,776442000,POINT (77.5945627 12.9715987),,
Narmada Sri Heights bangalore,129282000,776432000,POINT (77.6677287 12.8737585),,
Prestige Dolce Vita bangalore,129340000,776573000,POINT (77.7425161 12.9757496),,
Mahindra Lifespace Windchimes bangalore,129398000,776447000,POINT (77.59768099999999 12.88624),,
Veracious Vani Vilas bangalore,129273000,776864000,POINT (77.57686009999999 13.1220505),,
Provident The Tree bangalore,129513000,776385000,POINT (77.48484119999999 12.9960104),,
Golden Grand bangalore,129297000,776943000,POINT (77.5464606 13.0268946),,
Skanda Nirvana bangalore,129431000,776851000,POINT (77.7059496 12.9340795),,
VARS Parkwood bangalore,129221000,776409000,POINT (77.6909634 12.9156691),,
Aratt Cityscapes Rowhouse bangalore,130611983,777575790,POINT (77.75757899999999 13.0611983),,
Viho Hill View bangalore,128904203,775148337,POINT (77.5148337 12.8904203),,
Adithya Garden  bangalore,128645579,776594665,POINT (77.65946649999999 12.8645579),,
Sumadhura Silver Ripples bangalore,129691977,777388622,POINT (77.7388622 12.9691977),,
Dharanis Prakruthi Park bangalore,128461858,778275989,POINT (77.82759890000001 12.8461858),,
Anand Somu Pristine bangalore,128588873,775667669,POINT (77.56676689999999 12.8588873),,
Aratt Rolling Whites bangalore,127481938,776837066,POINT (77.68370659999999 12.7481938),,
Anand Somu Pristine bangalore,128588873,775667669,POINT (77.56676689999999 12.8588873),,
Dharanis Prakruthi Park bangalore,128461858,778275989,POINT (77.82759890000001 12.8461858),,
Prestige Sunrise Park Norwood bangalore,128345846,776635615,POINT (77.6635615 12.8345846),,
Axis Antara bangalore,128688053,776180494,POINT (77.61804939999999 12.8688053),,
Splendid Skylines bangalore,128745128,776517073,POINT (77.6517073 12.8745128),,
Casa Gopalan bangalore,129685201,777424363,POINT (77.74243629999999 12.9685201),,
Assetz Lifestyle bangalore,128853283,777047401,POINT (77.7047401 12.8853283),,
Sobha Jasmine bangalore,129263467,776680634,POINT (77.66806339999999 12.9263467),,
Veracious Vani Vilas bangalore,131220505,775768601,POINT (77.57686009999999 13.1220505),,
Pioneer Park Avenue bangalore,128759640,775519050,POINT (77.55190499999999 12.875964),,
Odions The Woods of East Phase 2 bangalore,128913922,776937237,POINT (77.69372369999999 12.8913922),,
Adithya Garden  bangalore,128645579,776594665,POINT (77.65946649999999 12.8645579),,
Velpula Pride bangalore,130863313,776028616,POINT (77.6028616 13.0863313),,
Sobha Marvella bangalore,129267833,776726791,POINT (77.6726791 12.9267833),,
Salarpuria Sattva Serene Life bangalore,131883652,776580876,POINT (77.65808760000002 13.1883652),,
Definer Hi-Life bangalore,130361409,776932524,POINT (77.69325239999999 13.0361409),,
Asrithas Grand Living bangalore,129383860,776178030,POINT (77.61780299999999 12.938386),,
Shriram Signia bangalore,128391167,776563997,POINT (77.65639969999999 12.8391167),,
Sri Garnet Park bangalore,129918197,777194328,POINT (77.71943279999999 12.9918197),,
Azven Breathe bangalore,128313905,777756040,POINT (77.775604 12.8313905),,
Sobha Tulip bangalore,128984206,775855194,POINT (77.5855194 12.8984206),,
Prestige Ozone bangalore,129590509,777494998,POINT (77.7494998 12.9590509),,
SJR WaterMark bangalore,129132624,776704345,POINT (77.6704345 12.9132624),,
Vedant Vayun bangalore,128787673,776376676,POINT (77.6376676 12.8787673),,
DivyaSree 77 Place bangalore,129486621,776932524,POINT (77.69325239999999 12.9486621),,
Prestige Spencer Heights bangalore,129956569,776104792,POINT (77.6104792 12.9956569),,
Puravankara Purva Riviera bangalore,129758193,775570922,POINT (77.5570922 12.9758193),,
MN Guru Gokulam bangalore,130927842,776324403,POINT (77.6324403 13.0927842),,
Raja Sannidhi bangalore,128491125,776078187,POINT (77.6078187 12.8491125),,
Sobha Lifestyle Legacy bangalore,132319190,776744630,POINT (77.674463 13.231919),,
Nava Vedantha bangalore,130051219,776644468,POINT (77.66444679999999 13.0051219),,
Prabhavathi Divine bangalore,128787211,776110659,POINT (77.6110659 12.8787211),,
Jeevan Grandeur bangalore,130053452,777482751,POINT (77.7482751 13.0053452),,
Century Indus Phase II bangalore,129112501,775113871,POINT (77.51138709999999 12.9112501),,
Brigade Meadows Plumeria bangalore,128134935,775117193,POINT (77.5117193 12.8134935),,
Kolte Patil Raaga bangalore,130956915,776478017,POINT (77.6478017 13.0956915),,
ALPS Aurora bangalore,128145655,776729006,POINT (77.67290059999999 12.8145655),,
Century Saras bangalore,131128005,775701013,POINT (77.57010129999999 13.1128005),,
Greystone Mirror On Water bangalore,128943569,776618761,POINT (77.6618761 12.8943569),,
Thrive Muses Abode bangalore,130261844,776266968,POINT (77.62669679999999 13.0261844),,
Renaissance Nature Walk bangalore,130046798,777182604,POINT (77.71826039999999 13.0046798),,
Mantri Flora bangalore,129183563,776650713,POINT (77.66507129999999 12.9183563),,
Vivansaa Aurigaa bangalore,128937057,777681863,POINT (77.7681863 12.8937057),,
Arvind Sporcia bangalore,130624992,776215293,POINT (77.62152929999999 13.0624992),,
GM Infinite E City Town Phase I bangalore,128192308,776640700,POINT (77.66407 12.8192308),,
SNN Raj Serenity Phase II bangalore,128529320,776784690,POINT (77.67846899999999 12.852932),,
Silverwood Regency bangalore,129111022,776777582,POINT (77.6777582 12.9111022),,
Purva Venezia bangalore,130972391,775702975,POINT (77.57029750000001 13.0972391),,
Sri Bhagwan Embassy bangalore,128355532,776916476,POINT (77.6916476 12.8355532),,
Puravankara Purva Fountain Square bangalore,129748291,776189870,POINT (77.61898699999999 12.9748291),,
GM Global Techies Town Tower 03 C bangalore,128227035,776608411,POINT (77.66084110000001 12.8227035),,
Saran Mulberry Woods bangalore,129059509,777038144,POINT (77.7038144 12.9059509),,
Celebrity Square bangalore,128281630,777860248,POINT (77.78602479999999 12.828163),,
Shriram Chirping Woods Villament bangalore,129090034,776688901,POINT (77.6688901 12.9090034),,
Aahika Apartments bangalore,129036263,776062350,POINT (77.606235 12.9036263),,
Mana Karmel bangalore,128955387,777059662,POINT (77.70596619999999 12.8955387),,
GM Global Techies Town Tower 01 A bangalore,128227035,776608411,POINT (77.66084110000001 12.8227035),,
Trifecta Joli bangalore,128921388,777095138,POINT (77.7095138 12.8921388),,
SJR Vogue bangalore,129815216,777176076,POINT (77.71760759999999 12.9815216),,
Plama Heights bangalore,130334447,776374762,POINT (77.63747619999999 13.0334447),,
Raheja Residency bangalore,129283660,776317759,POINT (77.63177589999999 12.928366),,
Prestige Sunrise Park Brichwood bangalore,128321675,776632722,POINT (77.66327219999999 12.8321675),,
Lone Star Crexcel Tuscany bangalore,129914440,776154030,POINT (77.615403 12.991444),,
Salarpuria Sattva Kings Domain bangalore,129918038,776607041,POINT (77.66070409999999 12.9918038),,
GE Global Green Apple Villas bangalore,127861815,777124387,POINT (77.71243869999999 12.7861815),,
Candeur Rise bangalore,129969877,776899549,POINT (77.68995489999999 12.9969877),,
Brigade Metropolis bangalore,129914639,777029976,POINT (77.7029976 12.9914639),,
Elegant Pride bangalore,130012678,776225051,POINT (77.6225051 13.0012678),,
Kuteera Green Homes bangalore,130301107,777620013,POINT (77.76200129999999 13.0301107),,
URI Shirdi Sri Sai Nagar bangalore,129714651,775405450,POINT (77.54054499999999 12.9714651),,
Pride Crosswinds Villa Plots bangalore,127802140,776033030,POINT (77.603303 12.780214),,
Jeevan Pristine bangalore,129715987,775945627,POINT (77.5945627 12.9715987),,
Salarpuria Sattva Gold Summit bangalore,130666284,776523154,POINT (77.65231539999999 13.0666284),,
DS Max Status bangalore,131317810,775661959,POINT (77.5661959 13.131781),,
Unishire The Weave bangalore,130569000,776238070,POINT (77.623807 13.0569),,
Total Environment Windmills Of Your Mind bangalore,129828416,777218047,POINT (77.72180469999999 12.9828416),,
G Corp The Icon Phase III bangalore,130473654,776254839,POINT (77.62548389999999 13.0473654),,
Sona Grandeur bangalore,128647018,775956349,POINT (77.59563489999999 12.8647018),,
Saranya Sreshta bangalore,129671661,777570509,POINT (77.7570509 12.9671661),,
Chaitrashree Royale bangalore,129389997,775180225,POINT (77.5180225 12.9389997),,
Sobha City Casa Paradiso bangalore,130761452,776406964,POINT (77.6406964 13.0761452),,
Nishant Prime bangalore,129665946,777651452,POINT (77.76514519999999 12.9665946),,
Aratt Amora bangalore,127587473,776711502,POINT (77.6711502 12.7587473),,
Windsor Troika bangalore,128656865,776194878,POINT (77.61948780000002 12.8656865),,
LGCL One Street bangalore,130668077,776602794,POINT (77.66027939999999 13.0668077),,
Mantri Lithos bangalore,130544515,776194419,POINT (77.6194419 13.0544515),,
VBHC Vaibhava bangalore,127563690,777024257,POINT (77.70242569999999 12.756369),,
Citrus Zen Garden bangalore,130683918,776049617,POINT (77.60496169999999 13.0683918),,
Griha Unnathi bangalore,130590857,776590355,POINT (77.6590355 13.0590857),,
Hebron Avenue bangalore,130323000,776994231,POINT (77.69942309999999 13.0323),,
Vivansaa Blessings bangalore,129124021,776387393,POINT (77.6387393 12.9124021),,
Unishire Verzure bangalore,130756934,776173763,POINT (77.61737629999999 13.0756934),,
Connected Living Whitefield bangalore,130345602,777896753,POINT (77.7896753 13.0345602),,
Pavani Sarovar bangalore,129726354,777340972,POINT (77.73409719999999 12.9726354),,
Kataria Builteck Residency bangalore,128213574,776876728,POINT (77.6876728 12.8213574),,
LGCL Pueblo bangalore,128666049,776672102,POINT (77.6672102 12.8666049),,
Prestige Kensington Gardens bangalore,130514040,775369911,POINT (77.53699109999999 13.051404),,
Millennia Montagna bangalore,129715987,775945627,POINT (77.5945627 12.9715987),,
Ozone Evergreens bangalore,129088641,776628913,POINT (77.6628913 12.9088641),,
DivyaSree Republic Of Whitefield bangalore,129662768,777243859,POINT (77.7243859 12.9662768),,
Pranavas BSR Gitaaar bangalore,129422451,777014517,POINT (77.70145169999999 12.9422451),,
Prestige Palms bangalore,129805009,777435987,POINT (77.74359869999999 12.9805009),,
S2 Avantikaa bangalore,128569538,777662866,POINT (77.7662866 12.8569538),,
Alpine Fiesta bangalore,129961110,777203321,POINT (77.72033210000001 12.996111),,
Suvastu King George Avenue bangalore,129066722,776430258,POINT (77.64302579999999 12.9066722),,
Godrej Platinum bangalore,130547182,775937366,POINT (77.5937366 13.0547182),,
Sonestaa Meadows bangalore,129488884,777214587,POINT (77.7214587 12.9488884),,
Ajantha Prime bangalore,128620210,776623552,POINT (77.66235519999999 12.862021),,
Kumari Lotus bangalore,129033063,776846818,POINT (77.68468179999999 12.9033063),,
RJ Lake Gardenia bangalore,130182490,777071730,POINT (77.707173 13.018249),,
BRR Sai Sankalp bangalore,129976477,777598434,POINT (77.75984339999999 12.9976477),,
Adarsh Palm Retreat Condominiums bangalore,129197319,776901979,POINT (77.6901979 12.9197319),,
Citrus Polaris  bangalore,130666300,776567960,POINT (77.656796 13.06663),,
Samruddhi Winter Green bangalore,129389418,777129508,POINT (77.7129508 12.9389418),,
Citrus Aries Lakeview bangalore,130776760,776104505,POINT (77.6104505 13.077676),,
Jayanth Santis bangalore,131115752,775722524,POINT (77.5722524 13.1115752),,
Ittina Neela bangalore,128313850,777004930,POINT (77.70049299999999 12.831385),,
Aswan The Marquis bangalore,129713671,776119065,POINT (77.6119065 12.9713671),,
Purva City of Gold bangalore,128871040,775521255,POINT (77.5521255 12.887104),,
Aishwarya Splendour bangalore,128964934,775858455,POINT (77.58584549999999 12.8964934),,
DSMAX SAANJH bangalore,128743640,776173867,POINT (77.6173867 12.874364),,
Purva City of Gold bangalore,128871040,775521255,POINT (77.5521255 12.887104),,
Fire Luxur The Empyrean bangalore,129048299,778677685,POINT (77.8677685 12.9048299),,
MS Royal Sunnyvale bangalore,127384134,777085666,POINT (77.70856660000001 12.7384134),,
Prodaacon Mounika Espancia bangalore,130371268,776643917,POINT (77.6643917 13.0371268),,
Garuda Estilo Homes bangalore,129948427,777645333,POINT (77.7645333 12.9948427),,
Pride Enchanta Phase I bangalore,129478889,775353712,POINT (77.5353712 12.9478889),,
Apex Crystal bangalore,129715987,775945627,POINT (77.5945627 12.9715987),,
Gomati Iris bangalore,128033514,776714398,POINT (77.6714398 12.8033514),,
NBR Green Valley bangalore,128162764,778628083,POINT (77.8628083 12.8162764),,
Aditi Tropica bangalore,129191960,776684660,POINT (77.668466 12.919196),,
Fortuna Krrish bangalore,130407862,776753256,POINT (77.67532559999999 13.0407862),,
Cleartitle The Rare Earth bangalore,128784133,777097953,POINT (77.7097953 12.8784133),,
Sobha Petunia bangalore,130398047,776124624,POINT (77.6124624 13.0398047),,
DLR Sabarmati Enclave bangalore,130258664,776803306,POINT (77.68033059999999 13.0258664),,
Bangalore Regency Canterbury Castles bangalore,130144440,776291860,POINT (77.62918599999999 13.014444),,
Slv Parkview bangalore,130459165,775419656,POINT (77.5419656 13.0459165),,
E Golden Abode bangalore,128511396,776735544,POINT (77.6735544 12.8511396),,
Sobha Arena - The Plaza bangalore,128642033,775367400,POINT (77.53673999999999 12.8642033),,
Richmond Lake View bangalore,127995085,776563883,POINT (77.6563883 12.7995085),,
NCN Platina bangalore,129373858,777374738,POINT (77.73747379999999 12.9373858),,
Akme Harmony bangalore,129224347,776711293,POINT (77.67112929999999 12.9224347),,
Gnana Bhoomi bangalore,132805947,776198082,POINT (77.61980819999999 13.2805947),,
Sumo Leaves bangalore,128787260,775444685,POINT (77.54446849999999 12.878726),,
TG Lakevista bangalore,128734735,776343724,POINT (77.63437239999999 12.8734735),,
Oceanus Classic bangalore,130053860,777316052,POINT (77.73160519999999 13.005386),,
Prestige Monte Carlo bangalore,131152916,775774514,POINT (77.5774514 13.1152916),,
Mythri Arteor bangalore,128874178,776294089,POINT (77.6294089 12.8874178),,
Sri Amethyst bangalore,130047047,777145949,POINT (77.71459489999999 13.0047047),,
Brigade Gardenia bangalore,128879764,775781273,POINT (77.57812729999999 12.8879764),,
Midtown Rhythm bangalore,129600950,777419350,POINT (77.741935 12.960095),,
Richmond Lake View bangalore,127995085,776563883,POINT (77.6563883 12.7995085),,
Mahaveer Riviera bangalore,128930968,775883631,POINT (77.5883631 12.8930968),,
Jeevanadi Sampoorna bangalore,130643327,775697312,POINT (77.56973119999999 13.0643327),,
Century Linea bangalore,130698545,776037801,POINT (77.60378009999999 13.0698545),,
Shanders Dwellington bangalore,128476197,776881725,POINT (77.68817249999999 12.8476197),,
TG Lakevista bangalore,128734735,776343724,POINT (77.63437239999999 12.8734735),,
Mahaveer Tranquil bangalore,129679039,777328695,POINT (77.73286949999999 12.9679039),,
SLS Square bangalore,129719967,777153684,POINT (77.7153684 12.9719967),,
Oceanus Classic bangalore,130053860,777316052,POINT (77.73160519999999 13.005386),,
Prestige Monte Carlo bangalore,131152916,775774514,POINT (77.5774514 13.1152916),,
Aratt Aeris Residences bangalore,129824845,776460185,POINT (77.6460185 12.9824845),,
Mythri Arteor bangalore,128874178,776294089,POINT (77.6294089 12.8874178),,
Nitesh Hyde Park bangalore,128717726,775979352,POINT (77.59793519999999 12.8717726),,
Prestige Laughing Waters bangalore,129602478,777379568,POINT (77.73795679999999 12.9602478),,
Nagarjuna Maple Heights bangalore,129935525,776838545,POINT (77.6838545 12.9935525),,
Sobha Palladian bangalore,129541525,776893828,POINT (77.68938279999999 12.9541525),,
Sobha Iris bangalore,129328719,776846695,POINT (77.68466950000001 12.9328719),,
Vista The 450 RMV bangalore,129715638,776127715,POINT (77.61277149999999 12.9715638),,
CLPD Suncity Apartments bangalore,129026338,777069423,POINT (77.70694230000001 12.9026338),,
Sobha Rajvillas bangalore,129785119,775631574,POINT (77.56315739999999 12.9785119),,
Embassy Springs bangalore,132026171,776241374,POINT (77.6241374 13.2026171),,
Aakruthi Aura bangalore,129650697,777510877,POINT (77.75108770000001 12.9650697),,
Sobha Sunscape bangalore,128643066,775212751,POINT (77.5212751 12.8643066),,
Odion Rainbow Retreat bangalore,128957846,776865903,POINT (77.68659029999999 12.8957846),,
Shriram Suhaana bangalore,131335429,775729612,POINT (77.57296119999999 13.1335429),,
The Manya Magna Ville bangalore,128560454,776491728,POINT (77.6491728 12.8560454),,
Akme Encore bangalore,129725255,777133728,POINT (77.7133728 12.9725255),,
Vertex Venezia bangalore,129274179,777389044,POINT (77.7389044 12.9274179),,
Bijith Kripa bangalore,132573910,777088976,POINT (77.7088976 13.257391),,
Sobha Eternia bangalore,129035751,776649043,POINT (77.6649043 12.9035751),,
Artha Reviera bangalore,127697881,776981747,POINT (77.6981747 12.7697881),,
Soundarya Kamakshi bangalore,129835136,775299315,POINT (77.5299315 12.9835136),,
Comfort Heights bangalore,128874544,775537026,POINT (77.55370259999999 12.8874544),,
Definer Kingdom bangalore,130735240,777446716,POINT (77.74467159999999 13.073524),,
NS Paradise Township bangalore,130040017,777173810,POINT (77.717381 13.0040017),,
Skav Ohana bangalore,130225129,777147406,POINT (77.7147406 13.0225129),,
Prestige Notting Hill bangalore,128726581,775945658,POINT (77.5945658 12.8726581),,
Nitesh Forest Hills bangalore,130159262,777626956,POINT (77.7626956 13.0159262),,
SRC blue bells bangalore,128328724,776897124,POINT (77.68971239999999 12.8328724),,
Maangalya Prosper Apartment bangalore,128652341,775576347,POINT (77.55763469999999 12.8652341),,
GRC Brundavan bangalore,129393493,775190858,POINT (77.5190858 12.9393493),,
Amrutha Value bangalore,129706326,777367999,POINT (77.73679989999999 12.9706326),,
AR Splendor Park bangalore,130422170,776552918,POINT (77.6552918 13.042217),,
HW Archstone bangalore,130290541,776302934,POINT (77.6302934 13.0290541),,
Cleartitle Old Bangalore bangalore,129169740,776315200,POINT (77.63151999999999 12.916974),,
Rajarajeshwari Parasmani Regency   bangalore,129404754,775813465,POINT (77.58134650000001 12.9404754),,
SV Lakshmi Nivas bangalore,130395202,776621751,POINT (77.6621751 13.0395202),,
Aban Desire bangalore,128281273,777766475,POINT (77.7766475 12.8281273),,
SGS Silver Oak bangalore,129157050,775486503,POINT (77.54865029999999 12.915705),,
Skyline Bagmane Champagne Hills bangalore,128584720,775818416,POINT (77.58184159999999 12.858472),,
Sai Ashirwad Natures Nest bangalore,128359690,776916230,POINT (77.69162299999999 12.835969),,
RR Signature bangalore,130800374,776337759,POINT (77.6337759 13.0800374),,
Sobha Chrysanthemum bangalore,130601142,776368556,POINT (77.63685559999999 13.0601142),,
Century Artizan bangalore,131293550,775950410,POINT (77.59504099999999 13.129355),,
Regency Pinnacle Heights bangalore,130624834,776268110,POINT (77.626811 13.0624834),,
Keerthi Krishna Viva bangalore,129106527,776840375,POINT (77.6840375 12.9106527),,
Vestaa Lushes bangalore,128496595,777347463,POINT (77.7347463 12.8496595),,
Shravanthi Sunniva Willow bangalore,128528408,777827893,POINT (77.78278929999999 12.8528408),,
SV Lakshmi Nivas bangalore,130395202,776621751,POINT (77.6621751 13.0395202),,
DS Max Sankalp Manor bangalore,130396616,776726014,POINT (77.67260139999999 13.0396616),,
AR Splendor Park bangalore,130422170,776552918,POINT (77.6552918 13.042217),,
Aban Desire bangalore,128281273,777766475,POINT (77.7766475 12.8281273),,
Garuda Blossom bangalore,130175190,777090184,POINT (77.70901839999999 13.017519),,
Century Artizan bangalore,131293550,775950410,POINT (77.59504099999999 13.129355),,
Shravanthi Sunniva Willow bangalore,128528408,777827893,POINT (77.78278929999999 12.8528408),,
Akshaya Regalia bangalore,128971310,775264058,POINT (77.52640579999999 12.897131),,
Sobha Onyx bangalore,129245191,776528063,POINT (77.65280629999999 12.9245191),,
Hita Malibu Rosita bangalore,129417311,777510344,POINT (77.75103439999999 12.9417311),,
Bhadra Legacy bangalore,129746481,776248520,POINT (77.62485199999999 12.9746481),,
Spectra Palmwoods bangalore,129617125,777324062,POINT (77.7324062 12.9617125),,
Suncrest Pebbles bangalore,129364507,777274439,POINT (77.7274439 12.9364507),,
Bhartiya City Leela Residences bangalore,130842830,776427810,POINT (77.642781 13.084283),,
Greenwood Regency bangalore,129138057,776833284,POINT (77.68332839999999 12.9138057),,
Sipani Santa Monica bangalore,129404460,776234030,POINT (77.623403 12.940446),,
Midwest Elita bangalore,131215868,776205622,POINT (77.62056219999999 13.1215868),,
Hoysala Ace Phase II bangalore,130663641,775869966,POINT (77.58699659999999 13.0663641),,
Brindavan Palms bangalore,128730823,776671062,POINT (77.66710619999999 12.8730823),,
Woodshire Emerson Park bangalore,130350995,777520959,POINT (77.7520959 13.0350995),,
Sterling Villa Grande Phase 2 bangalore,130111810,777597398,POINT (77.75973979999999 13.011181),,
Raynal Gardens bangalore,129767323,775148708,POINT (77.5148708 12.9767323),,
Mantri Alpyne bangalore,129042533,775274646,POINT (77.52746460000002 12.9042533),,
Ds Max Sherwood bangalore,129220588,777231568,POINT (77.7231568 12.9220588),,
Legacy Cataleya bangalore,129850340,775957680,POINT (77.59576799999999 12.985034),,
Purva Vantage bangalore,129064791,776450269,POINT (77.64502689999999 12.9064791),,
Mamtha Elite bangalore,129100769,777039706,POINT (77.70397059999999 12.9100769),,
Basava Pride bangalore,130140100,777170310,POINT (77.71703099999999 13.01401),,
Celebrity Pride bangalore,128079224,777774934,POINT (77.7774934 12.8079224),,
DSR White Waters bangalore,129167469,777168083,POINT (77.7168083 12.9167469),,
Splendid Elite bangalore,128977003,776678125,POINT (77.6678125 12.8977003),,
Ds Max Sherwood bangalore,129220588,777231568,POINT (77.7231568 12.9220588),,
Sri Lakshmi Vallabha Land Mark bangalore,128904880,775521392,POINT (77.5521392 12.890488),,
SM Zinnia bangalore,129324820,777264103,POINT (77.7264103 12.932482),,
Rohan Jharoka bangalore,129482601,776765682,POINT (77.67656819999999 12.9482601),,
UKN Esperanza bangalore,129525107,777206956,POINT (77.7206956 12.9525107),,
Melange Smart Neighbourhoods bangalore,128578542,777978698,POINT (77.7978698 12.8578542),,
Sona Vistaas bangalore,128811223,776195792,POINT (77.61957919999999 12.8811223),,
Purva Vantage bangalore,129064791,776450269,POINT (77.64502689999999 12.9064791),,
Wisteria at Brigade Meadows bangalore,128150853,775067053,POINT (77.50670529999999 12.8150853),,
Mangilal Heerraji Sites and Villas bangalore,127731420,774840820,POINT (77.484082 12.773142),,
Legacy Cataleya bangalore,129850340,775957680,POINT (77.59576799999999 12.985034),,
NCN Crystal bangalore,129750622,777588202,POINT (77.7588202 12.9750622),,
Aratt Grand Town bangalore,127401871,776791026,POINT (77.67910259999999 12.7401871),,
ASN Galaxy bangalore,130292141,776610570,POINT (77.661057 13.0292141),,
Golden Leaf Luxury Apartment bangalore,129155280,776254919,POINT (77.6254919 12.915528),,
Pavilion Villas at Brigade Orchards bangalore,132370630,777242800,POINT (77.72427999999999 13.237063),,
Basava Pride bangalore,130140100,777170310,POINT (77.71703099999999 13.01401),,
Celebrity Pride bangalore,128079224,777774934,POINT (77.7774934 12.8079224),,
DSR White Waters bangalore,129167469,777168083,POINT (77.7168083 12.9167469),,
Koncept Lake View bangalore,130629474,776230776,POINT (77.6230776 13.0629474),,
Fortius Waterscape bangalore,130196960,777211480,POINT (77.721148 13.019696),,
Mantri Glades bangalore,129113224,776847566,POINT (77.6847566 12.9113224),,
RMZ Latitude bangalore,130563101,775951032,POINT (77.5951032 13.0563101),,
NM Sai Sunshine bangalore,129479238,777126668,POINT (77.71266679999999 12.9479238),,
Divya JSR Limelite bangalore,130694591,775305470,POINT (77.530547 13.0694591),,
GM Infinite Elegance Tower bangalore,129165545,776184368,POINT (77.6184368 12.9165545),,
Zonasha Elegance bangalore,128988592,776682758,POINT (77.6682758 12.8988592),,
Krishna Brighton bangalore,131035207,775796734,POINT (77.57967339999999 13.1035207),,
B&B Opulent Spire bangalore,129216975,775997916,POINT (77.5997916 12.9216975),,
Krishna Arya Elegant bangalore,130165757,775475265,POINT (77.5475265 13.0165757),,
Unishire Belvedere Premia bangalore,130726436,776183587,POINT (77.6183587 13.0726436),,
Subhodaya Luxuria bangalore,129372251,777045745,POINT (77.70457449999999 12.9372251),,
Zonasha Elegance bangalore,128988592,776682758,POINT (77.6682758 12.8988592),,
SJR Residency bangalore,129276275,776891907,POINT (77.6891907 12.9276275),,
B&B Opulent Spire bangalore,129216975,775997916,POINT (77.5997916 12.9216975),,
Kumar Kino Platinum bangalore,129857380,775748938,POINT (77.5748938 12.985738),,
Aristo Marvel bangalore,128384012,776470954,POINT (77.6470954 12.8384012),,
Desai Grandeur bangalore,129767040,777584705,POINT (77.7584705 12.976704),,
Hiranandani Upscale Bannerghatta bangalore,128766060,776108310,POINT (77.610831 12.876606),,
SM Zinnia bangalore,129324820,777264103,POINT (77.7264103 12.932482),,
Sobha City Casa Serenita bangalore,130769388,776394475,POINT (77.6394475 13.0769388),,
SK Daisy bangalore,128321970,776489190,POINT (77.64891899999999 12.832197),,
Rohan Jharoka bangalore,129482601,776765682,POINT (77.67656819999999 12.9482601),,
ATZ Ultima bangalore,130571116,776282134,POINT (77.62821339999999 13.0571116),,
DSMax Star Nest bangalore,129238214,774766588,POINT (77.4766588 12.9238214),,
Melange Smart Neighbourhoods bangalore,128578542,777978698,POINT (77.7978698 12.8578542),,
Global Villas bangalore,128592252,776462170,POINT (77.64621699999999 12.8592252),,
Klassik Benchmark bangalore,128716449,775962133,POINT (77.5962133 12.8716449),,
Vaswani Claremont bangalore,129485069,777173176,POINT (77.7173176 12.9485069),,
NCN Crystal bangalore,129750622,777588202,POINT (77.7588202 12.9750622),,
Vivansaa Baalsam bangalore,129124021,776387393,POINT (77.6387393 12.9124021),,
Kumari Amaranthine bangalore,129176952,776973403,POINT (77.69734029999999 12.9176952),,
Aratt Grand Town bangalore,127401871,776791026,POINT (77.67910259999999 12.7401871),,
ASN Galaxy bangalore,130292141,776610570,POINT (77.661057 13.0292141),,
Golden Leaf Luxury Apartment bangalore,129155280,776254919,POINT (77.6254919 12.915528),,
Pavilion Villas at Brigade Orchards bangalore,132370630,777242800,POINT (77.72427999999999 13.237063),,
Estella Maple Square  bangalore,128929578,776742451,POINT (77.67424509999999 12.8929578),,
Saiven The Hamptons bangalore,129105043,776516836,POINT (77.6516836 12.9105043),,
Ajmera Green Acres bangalore,128679098,775935277,POINT (77.5935277 12.8679098),,
Reliaable Lifestyle bangalore,128951713,776686450,POINT (77.668645 12.8951713),,
SNN Raj Lakeview bangalore,129039732,776083714,POINT (77.6083714 12.9039732),,
Cansa Dhiya bangalore,129307557,777112407,POINT (77.71124069999999 12.9307557),,
BSR Towers bangalore,130281274,776896923,POINT (77.68969229999999 13.0281274),,
Unishire Belvedere Premia bangalore,130726436,776183587,POINT (77.6183587 13.0726436),,
Krishna Arya Elegant bangalore,130165757,775475265,POINT (77.5475265 13.0165757),,
SJR Residency bangalore,129276275,776891907,POINT (77.6891907 12.9276275),,
Adhishree SunShine bangalore,130851417,776070356,POINT (77.6070356 13.0851417),,
MIMS Northbrook bangalore,130767278,776593110,POINT (77.659311 13.0767278),,
MBR Gem Park Villa bangalore,128699879,778103632,POINT (77.8103632 12.8699879),,
Sai Siri Heritage bangalore,129080207,774885390,POINT (77.488539 12.9080207),,
Jains Aashraya bangalore,128436657,775877827,POINT (77.58778269999999 12.8436657),,
DLF Woodland Heights bangalore,127828926,776581565,POINT (77.65815649999999 12.7828926),,
Maa Nivasam bangalore,129989205,777228561,POINT (77.7228561 12.9989205),,
Desai Grandeur bangalore,129767040,777584705,POINT (77.7584705 12.976704),,
Soma White House bangalore,128753207,776355191,POINT (77.6355191 12.8753207),,
Sunland Serene Hills bangalore,127969470,775314570,POINT (77.531457 12.796947),,
CMRS Palm Hills bangalore,133526756,777221923,POINT (77.7221923 13.3526756),,
